Unidade de negócio,Case Name,Cliente,Ano do case,MD,Focal do time,Setor,Produto,Status,ID,Created,Item Type,Path
Digital & Technology Services (CT), CSC Digital Transformation,Biosev,2021,"Quintao, Fabio;#23",,4;#Açúcar e Etanol,343;#Digital Transformation,Validado,1136,27/7/2023 06:46,Item,sites/KnowledgeCorporateTransformation/Lists/Cases
Digital & Technology Services (CT),Acqio: PMO,Acqio,2019,"Quintao, Fabio;#23","Sena, Katarinny;#147",7;#Serviços Financeiros,62;#IT Consulting,Validado,163,18/10/2022 07:46,Item,sites/KnowledgeCorporateTransformation/Lists/Cases
Digital & Technology Services (CT),Acqio: Transformação de TI ,Acqio,2019,"Quintao, Fabio;#23","Zaiden, Carla;#472;#Antonialli, Guilherme;#53",7;#Serviços Financeiros,62;#IT Consulting;#47;#IT Due Diligence,Validado,13,7/10/2021 07:47,Item,sites/KnowledgeCorporateTransformation/Lists/Cases
Digital & Technology Services (CT),Adufértil Fertilizantes: Transformação de TI,Adufertil,2019,"Quintao, Fabio;#23","Barcellos, Carlos;#48",13;#Agronégocio,62;#IT Consulting,Validado,66,31/3/2022 11:22,Item,sites/KnowledgeCorporateTransformation/Lists/Cases
Corporate Transformation (2018 - 2021),Advent do Brasil Consultoria e Participações: Interim Management – Diretor Financeiro​,Advent do Brasil Consultoria e Participações,2019,"Munier, Kevin;#26","Kam, Guilherme;#115",24;#Químico e Petroquímico,205;#Interim Management,Validado,179,30/11/2022 10:30,Item,sites/KnowledgeCorporateTransformation/Lists/Cases
Corporate Transformation (2018 - 2021),Advent do Brasil Consultoria e Participações: Otimização de Capital de Giro,Advent do Brasil Consultoria e Participações,2019,"Kneubuhler, Markus;#50","Safar, Satya;#72","16;#Telecomunicações, Mídia e Tecnologia",157;#Working Capital Optimization,Validado,91,18/4/2022 15:00,Item,sites/KnowledgeCorporateTransformation/Lists/Cases
Corporate Transformation (2018 - 2021),Agrogalaxy,Aqua Capital,2020,"Munier, Kevin;#26",,7;#Serviços Financeiros,,Em validação,1028,7/2/2023 14:36,Item,sites/KnowledgeCorporateTransformation/Lists/Cases
Operations;#Finance;#Strategy;#Gestão,AgroGalaxy: Agrogalaxy - Revisão estrutura operacional (fase 1 e 2),AgroGalaxy,2023,"Menano, Joao;#2472;#Mendes, Carlos;#16;#Pela, Mauricio;#18;#Kneubuhler, Markus;#50","de Bem, Yago;#4451",14;#Comércio,,Validado,1203,15/3/2024 07:53,Item,sites/KnowledgeCorporateTransformation/Lists/Cases
Corporate Transformation (2018 - 2021),Agrogalaxy: Dimensionamento de sinergias,Agrogalaxy,2020,"Munier, Kevin;#26","Martins, Lucas;#152",13;#Agronégocio;#12;#Agricultura;#14;#Comércio;#15;#Serviços,197;#Transformações Holisticas,Validado,15,7/10/2021 08:03,Item,sites/KnowledgeCorporateTransformation/Lists/Cases
Corporate Transformation (2018 - 2021),Agrogalaxy: Mapeamento de sinergias pré-M&A,Agrogalaxy,2020,"Munier, Kevin;#26","Martins, Lucas;#152",13;#Agronégocio,152;#M＆A Strategy,Validado,119,30/6/2022 10:38,Item,sites/KnowledgeCorporateTransformation/Lists/Cases
Finance;#Strategy;#Consumer Retail Group,"AgroGalaxy: Redução com custo de pessoal, otimização de processos e gestão",AgroGalaxy,2023,"Mendes, Carlos;#16","Fukue, Flavio;#32",13;#Agronégocio,376;#Modelo operacional,Validado,1183,9/1/2024 06:38,Item,sites/KnowledgeCorporateTransformation/Lists/Cases
Corporate Transformation (2018 - 2021),Allied - Tecnologia,Allied Tecnologia,2019,"Sampaio de Oliveira, Eduardo;#19",,60;#Tecnologia,2;#Reduction of G＆A costs and indirect costs,Em validação,1034,7/2/2023 14:37,Item,sites/KnowledgeCorporateTransformation/Lists/Cases
Transformação Corporativa (CT),Allied Digital - Tecnologia,Allied Tecnologia,2019,"Sampaio de Oliveira, Eduardo;#19",,,,Em validação,1075,7/2/2023 14:37,Item,sites/KnowledgeCorporateTransformation/Lists/Cases
Corporate Transformation (2018 - 2021),Allied: COO Interino,Allied Tecnologia,2019,"Munier, Kevin;#26","Barros, Sergio;#156","16;#Telecomunicações, Mídia e Tecnologia;#17;#Varejo;#18;#Eletrônico",195;#Operations,Validado,16,7/10/2021 11:04,Item,sites/KnowledgeCorporateTransformation/Lists/Cases
Corporate Transformation (2018 - 2021),Allied: Escopo Amplo – Foco TI,Allied Tecnologia,,,,,,,1061,7/2/2023 14:37,Item,sites/KnowledgeCorporateTransformation/Lists/Cases
Corporate Transformation (2018 - 2021),Allied: Redução de custos de TI,Allied Tecnologia,2019,"Munier, Kevin;#26","Ricupero, Luis;#22","18;#Eletrônico;#16;#Telecomunicações, Mídia e Tecnologia;#17;#Varejo",207;#IT Consulting,Validado,17,7/10/2021 11:06,Item,sites/KnowledgeCorporateTransformation/Lists/Cases
Finance (CT),America Net S.A.: Suporte FP&A e Caixa,America Net,2023,"Mendes, Carlos;#16","Pirri, Guilherme;#1456",60;#Tecnologia,,Validado,1152,29/9/2023 11:11,Item,sites/KnowledgeCorporateTransformation/Lists/Cases
Reestruturação Operacional (CT),Americanas: Implementação do Transformation Office​,Americanas,2023,"Sampaio de Oliveira, Eduardo;#19","Costa, Yuri;#1863",9;#Varejo e bens de consumo,504;#Implementação e gestão do Restructuring Office,Validado,1228,2/7/2024 05:23,Item,sites/KnowledgeCorporateTransformation/Lists/Cases
Strategy,Aqua Capital: Geneseas: Re-underwriting support to investors,Aqua Capital,2021,"Munier, Kevin;#26","Boscolo, Rafael;#284",,,Validado,1197,8/3/2024 07:05,Item,sites/KnowledgeCorporateTransformation/Lists/Cases
Gestão (CT),Arco Educação S.A.:  Prospect ARCO - Visibilidade de Custos,Arco Educação,2022,"Kneubuhler, Markus;#50","Goncalves, Maryana;#2368",115;#Educação,229;#Operating model redesign,Validado,1134,24/7/2023 06:21,Item,sites/KnowledgeCorporateTransformation/Lists/Cases
Gestão (CT),Arco Educação: Análise da estrutura de gastos,Arco Educação,2022,"Kneubuhler, Markus;#50","Misawa, Gabriel;#483",115;#Educação,280;#Gestão,Validado,1110,5/5/2023 06:19,Item,sites/KnowledgeCorporateTransformation/Lists/Cases
Finance,Arco Educação: Otimização em áreas corporativas e vendas/editorial,Arco Educação,2023,"Mendes, Carlos;#16","Zavarize, Lucas;#1442",115;#Educação,410;#Modelo operacional e eficiência,Validado,1222,4/4/2024 11:34,Item,sites/KnowledgeCorporateTransformation/Lists/Cases
Finance (CT),Arteris: Jurimetria e política de acordo,Arteris ,2022,"Mendes, Carlos;#16","Treva, Thiago;#431",5;#Transporte Terrestre,194;#Legal,Validado,77,13/4/2022 08:39,Item,sites/KnowledgeCorporateTransformation/Lists/Cases
Transformação Corporativa (CT),Atento: Business model review and operational improvement,Atento,2016,"Pela, Mauricio;#18","Vivo Rodrigues, Alexandre;#15","16;#Telecomunicações, Mídia e Tecnologia",197;#Transformações Holisticas,Validado,1131,13/7/2023 06:55,Item,sites/KnowledgeCorporateTransformation/Lists/Cases
Reestruturação Operacional (CT),Aurora Seriös - Agronegócio,SERIOS AGROPECUARIA LTDA,2015,"Mattos, Rodrigo;#3912",,13;#Agronégocio,177;#Diagnosis,Em validação,884,7/2/2023 14:35,Item,sites/KnowledgeCorporateTransformation/Lists/Cases
M&A Performance,Avenir Growth Capital: Avenir Growth Capital - BDD,Avenir Growth Capital,2023,"Munier, Kevin;#26","Nogueira, Victor;#165",,,Validado,1247,18/9/2024 17:09,Item,sites/KnowledgeCorporateTransformation/Lists/Cases
M&A Performance,Avenir Growth Capital: Avenir Growth Capital - BDD,Avenir Growth Capital,2023,"Munier, Kevin;#26","Nogueira, Victor;#165",,,Validado,1248,18/9/2024 17:09,Item,sites/KnowledgeCorporateTransformation/Lists/Cases
M&A Performance,Avenir Growth Capital: Avenir Growth Capital - BDD,Avenir Growth Capital,2023,"Munier, Kevin;#26","Nogueira, Victor;#165",,,Validado,1249,18/9/2024 17:09,Item,sites/KnowledgeCorporateTransformation/Lists/Cases
Gestão (CT),Avon: Implementação de oportunidades,Avon,2022,"Kneubuhler, Markus;#50","Richards, Christina;#1605","140;#Cosméticos, Produtos de perfumaria e Higiene",330;#Creating a Detailed Execution Plan;#333;#Identification of opportunities,Validado,1112,5/5/2023 06:54,Item,sites/KnowledgeCorporateTransformation/Lists/Cases
PEPI (CT),Axia: PMI support,Axia,2023,"Munier, Kevin;#26","Godoi, Thalles;#875",7;#Serviços Financeiros,350;#100 day plan,Validado,1145,12/9/2023 12:27,Item,sites/KnowledgeCorporateTransformation/Lists/Cases
Corporate Transformation (2018 - 2021),Bacio di Latte: Footprint Logístico e Tributário,Bacio di Latte,2021,"Rino, Tiago;#14","Safar, Satya;#72",11;#Alimentos,50;#Logistics and distribution;#151;#Operational footprint,Validado,90,18/4/2022 14:57,Item,sites/KnowledgeCorporateTransformation/Lists/Cases
Digital & Technology Services (CT),Bacio di Latte: Protheus – Fiscal ERP Remediation,Bacio di Latte,2021,"Quintao, Fabio;#23","Massao, Marcos;#86",11;#Alimentos,42;#ERP System;#43;#Technology Offerings,Validado,45,10/11/2021 06:12,Item,sites/KnowledgeCorporateTransformation/Lists/Cases
Digital & Technology Services (CT),Bacio di Latte: Protheus – Fiscal ERP Remediation​,Bacio di Latte,2021,"Bonora, Ricardo;#116","Massao, Marcos;#86",11;#Alimentos,42;#ERP System,Validado,185,13/1/2023 07:05,Item,sites/KnowledgeCorporateTransformation/Lists/Cases
Corporate Transformation (2018 - 2021),Bain Capital Europe: Fredigoni,Bain Capital Europe,2019,"Sampaio de Oliveira, Eduardo;#19","Stussi, Guilherme;#733",79;#Industrial,149;#Cash conversion cycle,Validado,100,3/5/2022 10:30,Item,sites/KnowledgeCorporateTransformation/Lists/Cases
Corporate Transformation (2018 - 2021),Banco Carrefour: Eficiência em Despesas Variáveis,Banco Carrefour,2020,"Mendes, Carlos;#16","Fukue, Flavio;#32",139;#Bancários,230;#General costs,Validado,168,20/10/2022 14:40,Item,sites/KnowledgeCorporateTransformation/Lists/Cases
Strategy (CT),Banco Itaú: Desenvolvimento e gestão de modelo comercial,Banco Itaú,2022,"Pela, Mauricio;#18","da Silva, Joao;#475",139;#Bancários,231;#Commercial strategy,Validado,174,10/11/2022 04:46,Item,sites/KnowledgeCorporateTransformation/Lists/Cases
Gestão (CT),Binatural: Implementação de SAP Business One,Binatural,2022,"Kneubuhler, Markus;#50","Montesi, Rafaela;#134",24;#Químico e Petroquímico,229;#Operating model redesign;#280;#Gestão;#334;#SAP,Validado,1114,5/5/2023 07:17,Item,sites/KnowledgeCorporateTransformation/Lists/Cases
Transformação Corporativa (CT),Biosev: Diagnóstico e implementação escopo amplo,Biosev,2019,"Rino, Tiago;#14","Mafia, Lorenza;#12;#Ferreira, Isac;#13",4;#Açúcar e Etanol,197;#Transformações Holisticas,Validado,1,5/10/2021 12:02,Item,sites/KnowledgeCorporateTransformation/Lists/Cases
Finance,Blue Sol Energia Solar: Gestão de Caixa,Blue Sol Energia Solar,2023,"Mendes, Carlos;#16","Eguti, Rafael;#489",23;#Energética,484;#Finance,Validado,1218,27/3/2024 12:06,Item,sites/KnowledgeCorporateTransformation/Lists/Cases
Finance,Braskem: Legal,Braskem,2023,"Hong, Rodrigo;#441","Estrella, Karen;#1974",24;#Químico e Petroquímico,389;#Legal,Validado,1235,17/8/2024 10:59,Item,sites/KnowledgeCorporateTransformation/Lists/Cases
Digital & Technology Services (CT),Braveo: PMI Tech,Braveo,2022,"Quintao, Fabio;#23","Pascoli, Rafael;#71",9;#Varejo e bens de consumo;#11;#Alimentos,226;#IT Carve-out (PMI),Validado,173,3/11/2022 15:00,Item,sites/KnowledgeCorporateTransformation/Lists/Cases
Corporate Transformation (2018 - 2021),Brinks: Apuração e diagnóstico de risco,Brinks,2019,"Mendes, Carlos;#16","Vivo Rodrigues, Alexandre;#15",5;#Transporte Terrestre;#6;#Logistica;#7;#Serviços Financeiros,200;#Risk identification,Validado,2,5/10/2021 12:05,Item,sites/KnowledgeCorporateTransformation/Lists/Cases
Corporate Transformation (2018 - 2021),BTG Pactual: CDD,BTG Pactual,2021,"Pela, Mauricio;#18","Lima, Marianna;#139",60;#Tecnologia,61;#Commercial Due Diligence (CDD),Validado,103,20/5/2022 07:28,Item,sites/KnowledgeCorporateTransformation/Lists/Cases
Healthcare Industry Group,BTG Pactual: CDD Space & CDD Romenia,BTG Pactual,2022,"Compte, Marcelo;#3269","Chimionato, Roberto;#3190",,,Validado,1213,20/3/2024 08:10,Item,sites/KnowledgeCorporateTransformation/Lists/Cases
Healthcare Industry Group,BTG Pactual: CDD Space & CDD Romenia,BTG Pactual,2022,"Compte, Marcelo;#3269","Chimionato, Roberto;#3190",,,Validado,1214,20/3/2024 08:10,Item,sites/KnowledgeCorporateTransformation/Lists/Cases
Corporate Transformation (2018 - 2021),BTG Pactual: PMI Aliare,BTG Pactual,2021,"Pela, Mauricio;#18","Santomartino, Augusto;#43;#Martins, Rodolfo;#57",13;#Agronégocio;#60;#Tecnologia,32;#Post-Merger Integration (PMI),Validado,61,24/1/2022 12:45,Item,sites/KnowledgeCorporateTransformation/Lists/Cases
Corporate Transformation (2018 - 2021),C&A Modas Ltda.: Strategic Planning,C&A Modas Ltda.,2019,"Quintao, Fabio;#23","Sena, Katarinny;#147",17;#Varejo,220;#Strategic Planning,Validado,165,19/10/2022 12:53,Item,sites/KnowledgeCorporateTransformation/Lists/Cases
Strategy,Carbel: Carbel - Revisão BP,Carbel,2023,"Pela, Mauricio;#18","Azevedo, Larissa;#442",19;#Automotivo,445;#Business Plan,Validado,1195,7/3/2024 05:18,Item,sites/KnowledgeCorporateTransformation/Lists/Cases
Transformação Corporativa (CT),CBI - Automotivo,Chassis Brakes International,2016,"Sampaio de Oliveira, Eduardo;#19",,19;#Automotivo,2;#Reduction of G＆A costs and indirect costs,Em validação,905,7/2/2023 14:35,Item,sites/KnowledgeCorporateTransformation/Lists/Cases
Bizhub,CBS Group Inc: Melhoria para tomada de decisão,CBS Group Inc.,,"Bonora, Ricardo;#116","Coutinho, Alexandre;#330",18;#Eletrônico;#22;#Máquinas e equipamentos,104;#Data Analytics,Validado,50,19/1/2022 04:37,Item,sites/KnowledgeCorporateTransformation/Lists/Cases
Strategy (CT),Cervejaria Santa Catarina - Bens de consumo,Cervejaria Santa Catarina,2019,"Pela, Mauricio;#18",,8;#Bebidas,300;#Pricing models,Em validação,1036,7/2/2023 14:37,Item,sites/KnowledgeCorporateTransformation/Lists/Cases
Corporate Transformation (2018 - 2021),Cervejaria Santa Catarina: Fase 1 - Sales force efficiency,Cervejaria Santa Catarina,2019,"Pela, Mauricio;#18","Carbinatto, Lucas;#66",8;#Bebidas,67;#Sales force efficiency,Validado,68,31/3/2022 11:24,Item,sites/KnowledgeCorporateTransformation/Lists/Cases
Corporate Transformation (2018 - 2021),Cervejaria Santa Catarina: Fase 2 - S&OP,Cervejaria Santa Catarina,2019,"Pela, Mauricio;#18","Masiero, Beatriz;#17",8;#Bebidas,73;#Commercial policy,Validado,3,5/10/2021 12:06,Item,sites/KnowledgeCorporateTransformation/Lists/Cases
Finance (CT),CESP Grupo Votorantim - Energia,Companhia Energética de São Paulo,2019,"Sampaio de Oliveira, Eduardo;#19",,23;#Energética,288;#Performance Improvement and Playbook,Em validação,872,7/2/2023 14:35,Item,sites/KnowledgeCorporateTransformation/Lists/Cases
Corporate Transformation (2018 - 2021),CESP: CIO interino,CESP Grupo Votorantim,2019,"Sampaio de Oliveira, Eduardo;#19","Antonialli, Guilherme;#53",23;#Energética,84;#Acting CIO,Validado,115,27/5/2022 06:51,Item,sites/KnowledgeCorporateTransformation/Lists/Cases
Corporate Transformation (2018 - 2021),CESP: Melhoria de performance ,CESP Grupo Votorantim,2019,"Mendes, Carlos;#16","Chan, Paulo;#61",23;#Energética,159;#Inventory,Validado,40,11/10/2021 07:58,Item,sites/KnowledgeCorporateTransformation/Lists/Cases
Finance (CT),Chilli Beans - Redução de Custos G&A e Transformação de Compras,Chilli Beans,2024,"Mendes, Carlos;#16","Pereira, Marcos;#79",9;#Varejo e bens de consumo,436;#Redução de custos G＆A e custos indiretos,Validado,1244,13/9/2024 11:25,Item,sites/KnowledgeCorporateTransformation/Lists/Cases
Gestão (CT),Cliente do setor educacional: Análise da estrutura de gastos indiretos,Confidencial,,,,115;#Educação,280;#Gestão,Validado,1118,5/5/2023 09:40,Item,sites/KnowledgeCorporateTransformation/Lists/Cases
Gestão (CT),Cliente do setor educacional: Estratégia,Confidencial,,,,115;#Educação,229;#Operating model redesign,Validado,1117,5/5/2023 07:51,Item,sites/KnowledgeCorporateTransformation/Lists/Cases
Gestão (CT),Cliente do setor educacional: Redução de gastos,Confidencial,,,,115;#Educação,280;#Gestão,Validado,1120,5/5/2023 10:12,Item,sites/KnowledgeCorporateTransformation/Lists/Cases
Finance,Companhia Brasileira de Planos Funerários S.A.: Grupo Zelo - redução de custos,Companhia Brasileira de Planos Funerários S.A.,2024,"Mendes, Carlos;#16","Lacerda, Felipe;#3193",15;#Serviços,436;#Redução de custos G＆A e custos indiretos,Validado,1255,19/9/2024 09:26,Item,sites/KnowledgeCorporateTransformation/Lists/Cases
Finance,Contour Global do Brasil: Carve out BR Contratos,Contour Global do Brasil,2022,"Mendes, Carlos;#16","Cremasco, Bruno;#1952",23;#Energética,397;#Renegociação de contratos de compras,Validado,1254,19/9/2024 09:24,Item,sites/KnowledgeCorporateTransformation/Lists/Cases
Finance,Contour Global do Brasil: Contour Global do Brasil - Interim Treasury Manager,Contour Global do Brasil,2024,"Mendes, Carlos;#16","Vital, Amanda;#4281",23;#Energética,405;#Gestão Interina - CFO,Validado,1243,21/8/2024 05:23,Item,sites/KnowledgeCorporateTransformation/Lists/Cases
Finance,Contour Global: Contour Global - CFO Interino,Contour Global,2024,"Mendes, Carlos;#16","Chan, Paulo;#61",,505;#Gestão (gestão interina),Validado,1229,3/7/2024 13:51,Item,sites/KnowledgeCorporateTransformation/Lists/Cases
Corporate Transformation (2018 - 2021),Contour: Diagnóstico e plano de internalização da estrutura de O&M,Contour Global,2018,"Sampaio de Oliveira, Eduardo;#19","Vivo Rodrigues, Alexandre;#15",23;#Energética,201;#Operational;#2;#Reduction of G＆A costs and indirect costs,Validado,4,5/10/2021 12:12,Item,sites/KnowledgeCorporateTransformation/Lists/Cases
Finance (CT),ContourGlobal: revisão e otimização operacional.,Contour Global,2022,"Mendes, Carlos;#16;#Sampaio de Oliveira, Eduardo;#19","Chan, Paulo;#61;#Vivo Rodrigues, Alexandre;#15",23;#Energética,141;#A＆M offers,Validado,97,2/5/2022 14:46,Item,sites/KnowledgeCorporateTransformation/Lists/Cases
Corporate Transformation (2018 - 2021),Creme Mel: Revisão de footprint,Creme Mel,2019,"Castro, Luciano;#49",,11;#Alimentos,151;#Operational footprint,Validado,18,7/10/2021 11:16,Item,sites/KnowledgeCorporateTransformation/Lists/Cases
Digital & Technology Services (CT),Crescera Investimentos: IT Due Diligence​,Crescera Investimentos,2021,"Bonora, Ricardo;#116","Massao, Marcos;#86",145;#Private Equity,47;#IT Due Diligence,Validado,1095,28/2/2023 11:39,Item,sites/KnowledgeCorporateTransformation/Lists/Cases
Finance (CT),CVC: Legal,CVC Corp,2021,"Mendes, Carlos;#16","Hong, Rodrigo;#441",153;#Viagem e Lazer,186;#Legal,Validado,85,18/4/2022 05:10,Item,sites/KnowledgeCorporateTransformation/Lists/Cases
Finance (CT),Decolar: Legal,Decolar,2021,"Mendes, Carlos;#16","Franco, Andre;#451",153;#Viagem e Lazer,192;#Legal Strategy,Validado,92,25/4/2022 13:55,Item,sites/KnowledgeCorporateTransformation/Lists/Cases
Digital & Technology Services (CT),Delly's Food Service: Restruturação de TI,Delly's Food Service,2021,"Quintao, Fabio;#23","Segretti, Luis;#488",11;#Alimentos,62;#IT Consulting,Validado,133,8/8/2022 11:44,Item,sites/KnowledgeCorporateTransformation/Lists/Cases
Digital & Technology Services (CT),Distribuidora Tiscoski: IT Due Diligence,Distribuidora Tiscoski,2021,"Quintao, Fabio;#23","Segretti, Luis;#488",9;#Varejo e bens de consumo,62;#IT Consulting,Validado,132,8/8/2022 11:44,Item,sites/KnowledgeCorporateTransformation/Lists/Cases
Corporate Transformation (2018 - 2021),Docol: melhoria de eficiência,Docol,2021,"Kneubuhler, Markus;#50","Lima, Marianna;#139",26;#Construção e infraestrutura,38;#Organizational Transformation,Validado,109,20/5/2022 12:56,Item,sites/KnowledgeCorporateTransformation/Lists/Cases
Finance,Dominos: Redução de custos,Dominos,2024,"Mendes, Carlos;#16","Hirata, Mauricio;#4559",14;#Comércio,"441;#Orçamentação, OBZ e Custos",Validado,1217,27/3/2024 12:03,Item,sites/KnowledgeCorporateTransformation/Lists/Cases
Corporate Transformation (2018 - 2021),Eldorado Indústrias Plásticas: Melhoria de Performance e Reestruturação​,Eldorado Indústrias Plásticas Ltda,2014,"Sampaio de Oliveira, Eduardo;#19","Pela, Mauricio;#18",19;#Automotivo,68;#Growth ＆ Commercial Excellence,Validado,178,25/11/2022 04:42,Item,sites/KnowledgeCorporateTransformation/Lists/Cases
Finance (CT),Eletrobrás: Gestão de Riscos - Hedge,Eletrobrás,2023,"Mendes, Carlos;#16","Ferrari, Daniel;#2592",23;#Energética,249;#Risk management,Validado,1147,22/9/2023 05:27,Item,sites/KnowledgeCorporateTransformation/Lists/Cases
Transformação Corporativa (CT),Eletrosom - Varejo,Eletrosom,2015,"Sampaio de Oliveira, Eduardo;#19",,17;#Varejo,295;#Financial performance,Em validação,1013,7/2/2023 14:36,Item,sites/KnowledgeCorporateTransformation/Lists/Cases
Strategy (CT),Elfa : PMI,Elfa Medicamentos,2023,"Pela, Mauricio;#18","Mariano, Diogo;#612",10;#Farmoquímicos e Farmaceuticos,32;#Post-Merger Integration (PMI),Validado,1127,21/6/2023 08:10,Item,sites/KnowledgeCorporateTransformation/Lists/Cases
Strategy (CT),Elfa Medicamentos S.A.: Redução de custo,Elfa Medicamentos,2021,"Pela, Mauricio;#18","Kumagai, Victor;#270",10;#Farmoquímicos e Farmaceuticos,35;#General ＆ Administrative Expense (G＆A),Validado,1126,21/6/2023 08:10,Item,sites/KnowledgeCorporateTransformation/Lists/Cases
Corporate Transformation (2018 - 2021),Elfa Medicamentos: Entrada Fiscal,Elfa Medicamentos,,,,,,Em validação,1138,27/7/2023 07:08,Item,sites/KnowledgeCorporateTransformation/Lists/Cases
Corporate Transformation (2018 - 2021),Elfa: Desenho de área de Customer Service,Elfa Medicamentos,2021,"Pela, Mauricio;#18","Brazil, Amauri;#194",10;#Farmoquímicos e Farmaceuticos,211;#Customer Experience,Validado,140,8/9/2022 12:28,Item,sites/KnowledgeCorporateTransformation/Lists/Cases
Corporate Transformation (2018 - 2021),Elfa: Gestão de Margem e Reposições,Elfa Medicamentos,2021,"Pela, Mauricio;#18","Kumagai, Victor;#270",10;#Farmoquímicos e Farmaceuticos,164;#Margin,Validado,99,3/5/2022 10:30,Item,sites/KnowledgeCorporateTransformation/Lists/Cases
Corporate Transformation (2018 - 2021),Elfa: Gestão Integrada de Caixa,Elfa Medicamentos,2021,"Pela, Mauricio;#18","Kam, Guilherme;#115",10;#Farmoquímicos e Farmaceuticos,36;#Financial Transformation,Validado,89,18/4/2022 14:57,Item,sites/KnowledgeCorporateTransformation/Lists/Cases
Corporate Transformation (2018 - 2021),Elfa: integração e fusão,Elfa Medicamentos,2020,"Pela, Mauricio;#18","Ribeiro, Matheus;#20",10;#Farmoquímicos e Farmaceuticos,32;#Post-Merger Integration (PMI),Validado,7,5/10/2021 12:17,Item,sites/KnowledgeCorporateTransformation/Lists/Cases
Corporate Transformation (2018 - 2021),Elfa: Ressetorização da Força de Vendas,Elfa Medicamentos,2021,"Pela, Mauricio;#18","Denardin, Bruno;#129",10;#Farmoquímicos e Farmaceuticos,59;#Sales Force Effectiveness,Validado,41,27/10/2021 09:00,Item,sites/KnowledgeCorporateTransformation/Lists/Cases
Bizhub,Elfa: Saneamento de cadastro,Elfa Medicamentos,2022,"Bonora, Ricardo;#116","Cabral, Lucas;#82",10;#Farmoquímicos e Farmaceuticos,104;#Data Analytics,Validado,130,3/8/2022 05:41,Item,sites/KnowledgeCorporateTransformation/Lists/Cases
Bizhub,Eneva: Plataforma para Governança de Projetos,Eneva,,"Bonora, Ricardo;#116","Coutinho, Alexandre;#330",23;#Energética,104;#Data Analytics,Validado,51,19/1/2022 04:41,Item,sites/KnowledgeCorporateTransformation/Lists/Cases
PEPI (CT),Eneva: PMI Urucu,Eneva ,2021,"Munier, Kevin;#26","Ribeiro, Joao;#227",24;#Químico e Petroquímico,32;#Post-Merger Integration (PMI),Validado,79,13/4/2022 12:24,Item,sites/KnowledgeCorporateTransformation/Lists/Cases
Operations (CT),Equatorial Energia: EQUATORIAL MARANHAO DIST - Footprint Logístico,Equatorial Energia,2022,"Menano, Joao;#2472","Nery, Guilherme;#2808",23;#Energética,278;#Logistics and distribution,Validado,1143,31/7/2023 06:59,Item,sites/KnowledgeCorporateTransformation/Lists/Cases
Operations,"Ergon, Inc.: Estudo de malha de distribuição","Ergon, Inc.",2023,"Kurayama, Fernando;#3068","Patrus, Leticia;#4054",24;#Químico e Petroquímico,416;#Logística e distribuição [Operações logísticas],Validado,1221,3/4/2024 05:22,Item,sites/KnowledgeCorporateTransformation/Lists/Cases
Strategy,Estrella Galicia: Revisão do modelo de negócio com parceiros no Brasil,Estrella Galicia,2024,"Pela, Mauricio;#18","Azevedo, Larissa;#442",8;#Bebidas,401;#Estratégia corporativa,Validado,1256,19/9/2024 09:47,Item,sites/KnowledgeCorporateTransformation/Lists/Cases
Finance,Eternit: Otimização de Custos (SG&A),Eternit,2024,"Mendes, Carlos;#16","Ferreira, Henrique;#286",14;#Comércio,436;#Redução de custos G＆A e custos indiretos,Validado,1223,22/4/2024 11:25,Item,sites/KnowledgeCorporateTransformation/Lists/Cases
Digital & Technology Services,Evoltz Participações: IT Diagnostic + Interim IT Management,Evoltz Participações,2023,"Quintao, Fabio;#23","Domingues, Alexandre;#364",23;#Energética,399;#Diagnóstico de Tecnologia;#398;#Gestão Interina - CTO,Validado,1257,25/9/2024 09:54,Item,sites/KnowledgeCorporateTransformation/Lists/Cases
Digital & Technology Services,Evoltz Participações: IT Diagnostic + Interim IT Management,Evoltz Participações,2023,"Quintao, Fabio;#23","Domingues, Alexandre;#364",23;#Energética,,Validado,1258,25/9/2024 15:00,Item,sites/KnowledgeCorporateTransformation/Lists/Cases
Finance,Evoltz Participações: Processo Orçamentário,Evoltz Participações,2023,"Mendes, Carlos;#16","Moreira, Gabriel;#303",23;#Energética,280;#Gestão,Validado,1216,26/3/2024 08:34,Item,sites/KnowledgeCorporateTransformation/Lists/Cases
Finance,Farmacias Independente: Gestão de Caixa e FP&A,Farmacias Independente,2023,"Mendes, Carlos;#16","Pirri, Guilherme;#1456",14;#Comércio,403;#Gestão de caixa,Validado,1184,9/1/2024 06:42,Item,sites/KnowledgeCorporateTransformation/Lists/Cases
Digital & Technology Services (CT),Firjan: Diagnóstico de TI​,Firjan,2020,"Quintao, Fabio;#23","Passone, Laura;#30",79;#Industrial,83;#IT Diagnosis,Validado,169,21/10/2022 10:19,Item,sites/KnowledgeCorporateTransformation/Lists/Cases
Finance;#Strategy,FIS Global: FIS Global - FIS growth business plan,FIS Global,2024,"Pela, Mauricio;#18;#Mendes, Carlos;#16","Azevedo, Larissa;#442",7;#Serviços Financeiros,421;#Planejamento estratégico;#507;#Commercial strategy;#508;#Growth Strategy,Validado,1239,19/8/2024 10:58,Item,sites/KnowledgeCorporateTransformation/Lists/Cases
Corporate Transformation (2018 - 2021),FLC - Industrial,R&D Comercio e Importação Exportação de Materiais Elétricos S.A.,2018,"Sampaio de Oliveira, Eduardo;#19",,9;#Varejo e bens de consumo,243;#Valuation;#305;#Closing of the TSA (Transaction service agreement),Em validação,923,7/2/2023 14:36,Item,sites/KnowledgeCorporateTransformation/Lists/Cases
Corporate Transformation (2018 - 2021),Flytour: M&A Sell Side​,Flytour,2021,"Fernandes, George;#427","Eguti, Rafael;#489",153;#Viagem e Lazer,31;#Mergers and Acquisition (M＆A) Performance,Validado,156,18/10/2022 07:17,Item,sites/KnowledgeCorporateTransformation/Lists/Cases
Corporate Transformation (2018 - 2021),Fortbras,Fortbras,2019,"Sampaio de Oliveira, Eduardo;#19",,21;#Transporte e armazenamento,36;#Financial Transformation,Em validação,1060,7/2/2023 14:37,Item,sites/KnowledgeCorporateTransformation/Lists/Cases
PEPI,Fortbras Autopeças: Otimização de custos logísticos  (TOM),Fortbras Autopeças,2023,"Munier, Kevin;#26","Ferla, Joao;#430",17;#Varejo;#19;#Automotivo,377;#Acompanhamento da fase de otimização e transformação (IMO),Validado,1198,11/3/2024 06:10,Item,sites/KnowledgeCorporateTransformation/Lists/Cases
Corporate Transformation (2018 - 2021),Fortbras: Renegociação de contas em Frete e TI e Telecom,Fortbras,2019,"Munier, Kevin;#26","Marcilio, Caio;#54",19;#Automotivo;#9;#Varejo e bens de consumo,2;#Reduction of G＆A costs and indirect costs,Validado,20,7/10/2021 12:26,Item,sites/KnowledgeCorporateTransformation/Lists/Cases
Corporate Transformation (2018 - 2021),Frooty -  Bens de Consumo,Frooty Açaí,2018,"Sampaio de Oliveira, Eduardo;#19",,9;#Varejo e bens de consumo,306;#Logistics;#307;#Distributor disitermediation,Em validação,1048,7/2/2023 14:37,Item,sites/KnowledgeCorporateTransformation/Lists/Cases
Corporate Transformation (2018 - 2021),Frooty Açaí: Diagnóstico de pricing,Frooty Açaí,2018,"Kneubuhler, Markus;#50","Manfrinatti, Ana Paula;#75",11;#Alimentos,71;#Pricing,Validado,76,8/4/2022 14:21,Item,sites/KnowledgeCorporateTransformation/Lists/Cases
Corporate Transformation (2018 - 2021),Frooty Açaí: Diagnóstico e melhorias em operações,Frooty Açaí,2019,"Kneubuhler, Markus;#50","Santana, Newton;#21;#Manfrinatti, Ana Paula;#75",11;#Alimentos,45;#Operations planning,Validado,8,5/10/2021 12:18,Item,sites/KnowledgeCorporateTransformation/Lists/Cases
Healthcare Industry Group,Fundação Copel: Copel Saúde,Fundação Copel,2023,"Compte, Marcelo;#3269","Chimionato, Roberto;#3190",25;#Saúde,469;#Custo para servir (C2S),Validado,1209,20/3/2024 08:00,Item,sites/KnowledgeCorporateTransformation/Lists/Cases
Corporate Transformation (2018 - 2021),General Cable,General Cable,2018,,"Mariano, Diogo;#612",22;#Máquinas e equipamentos,2;#Reduction of G＆A costs and indirect costs;#56;#Operating Model,Validado,31,8/10/2021 10:32,Item,sites/KnowledgeCorporateTransformation/Lists/Cases
Corporate Transformation (2018 - 2021),GEP: Varejo,GEP ,2015,"Coelho, Leonardo;#1356","Kessler, Joao;#45",9;#Varejo e bens de consumo;#14;#Comércio,218;#Interim Management;#196;#Corporate restructuring,Validado,32,8/10/2021 10:33,Item,sites/KnowledgeCorporateTransformation/Lists/Cases
Bizhub,Gran Cursos Online: Project Quality Assurance e PMO​,Gran Cursos,2022,"Bonora, Ricardo;#116","Milani, Heitor;#295",115;#Educação,212;#ERP;#213;#Totvs,Validado,143,8/9/2022 13:20,Item,sites/KnowledgeCorporateTransformation/Lists/Cases
Digital & Technology Services,Gran Cursos: Gran Cursos - IT PMI,Gran Cursos,2023,"Quintao, Fabio;#23","Munari, Fernanda;#2091",115;#Educação,388;#PMI,Validado,1259,27/9/2024 05:30,Item,sites/KnowledgeCorporateTransformation/Lists/Cases
Digital & Technology Services (CT),Gran Cursos: Seleção de fornecedor AMS ,Gran Cursos,2022,"Quintao, Fabio;#23","Domingues, Alexandre;#364",115;#Educação,63;#Software Selection,Validado,134,15/8/2022 04:36,Item,sites/KnowledgeCorporateTransformation/Lists/Cases
ESG,Green Farming: Parecer de Segunda Opinião,Green Farming,2022,"Santos, Gustavo;#25","Marques, Carolina;#439",13;#Agronégocio,176;#ESG Reporting,Validado,121,30/6/2022 10:57,Item,sites/KnowledgeCorporateTransformation/Lists/Cases
Corporate Transformation (2018 - 2021),Grupo Abril - Telecomunicações,Abril Comunicações,2018,"Haaland, Marcos;#173",,"16;#Telecomunicações, Mídia e Tecnologia",301;#Gestão (gestão interina),Em validação,935,7/2/2023 14:36,Item,sites/KnowledgeCorporateTransformation/Lists/Cases
Corporate Transformation (2018 - 2021),Grupo Abril: Digital Transformation Office,Grupo Abril,2019,,"Almeida, Luiza;#183","16;#Telecomunicações, Mídia e Tecnologia",65;#Digital;#66;#Organizational Efficiency and Talent Management;#38;#Organizational Transformation,Validado,48,30/11/2021 07:31,Item,sites/KnowledgeCorporateTransformation/Lists/Cases
Finance;#Corporate Transformation,Grupo Casas Bahia: Grupo Casas Bahia - Legal - Revisão diagnóstico passivo judicial,Grupo Casas Bahia,2024,"Hong, Rodrigo;#441","Pincelli, Lucas;#3038",14;#Comércio,503;#Estudo causa raiz - Legal;#473;#Operação e Esteiras jurídicas,Validado,1231,23/7/2024 05:03,Item,sites/KnowledgeCorporateTransformation/Lists/Cases
Corporate Transformation (2018 - 2021),Grupo CCRR: 100 day plan,Grupo CCRR,2021,"Mendes, Carlos;#16","Ferreira, Henrique;#286",116;#Papel e Celulose,219;#100 day plan,Validado,171,3/11/2022 14:59,Item,sites/KnowledgeCorporateTransformation/Lists/Cases
Bizhub,Grupo CRM: Forecast para S&OP,Grupo CRM,2021,"Bonora, Ricardo;#116","Coutinho, Alexandre;#330",11;#Alimentos,104;#Data Analytics,Validado,52,19/1/2022 04:44,Item,sites/KnowledgeCorporateTransformation/Lists/Cases
Corporate Transformation (2018 - 2021),Grupo CRM: Orçamento de receitas,Grupo CRM,2021,"Munier, Kevin;#26","Carbinatto, Lucas;#66",11;#Alimentos,155;#Budget,Validado,86,18/4/2022 10:16,Item,sites/KnowledgeCorporateTransformation/Lists/Cases
Finance,Grupo Fiorese: Análise Financeira,Grupo Fiorese,2023,"Mendes, Carlos;#16","Eguti, Rafael;#489",12;#Agricultura,484;#Finance,Validado,1219,27/3/2024 12:19,Item,sites/KnowledgeCorporateTransformation/Lists/Cases
Gestão (CT),Grupo Iberconsa: Avaliação modelo operacional,Grupo Iberconsa,2022,"Mendes, Carlos;#16",,156;#Pesca,280;#Gestão,Validado,1119,5/5/2023 09:50,Item,sites/KnowledgeCorporateTransformation/Lists/Cases
Digital & Technology Services (CT),Grupo JCR: IT Due Diligence Mercado Bitcoin,Grupo JCR,2020,"Quintao, Fabio;#23","Vieira, Thiago;#340",81;#Serviços gerais e administrativos,47;#IT Due Diligence,Validado,69,31/3/2022 11:25,Item,sites/KnowledgeCorporateTransformation/Lists/Cases
Transformação Corporativa (CT),Grupo Linde - Industrial,The Linde Group,2014,"Sampaio de Oliveira, Eduardo;#19",,79;#Industrial,288;#Performance Improvement and Playbook,Em validação,932,7/2/2023 14:36,Item,sites/KnowledgeCorporateTransformation/Lists/Cases
Healthcare Industry Group,Grupo NotreDame Intermedica: Clinipam: Suficiência de Rede,Grupo NotreDame Intermedica,2022,"Compte, Marcelo;#3269","Chimionato, Roberto;#3190",25;#Saúde,473;#Operação e Esteiras jurídicas,Validado,1210,20/3/2024 08:01,Item,sites/KnowledgeCorporateTransformation/Lists/Cases
Gestão (CT),"Grupo Resinas Brasil: Revisão de Modelo Organizacional, FP&A e S&OP",Grupo Resinas Brasil,2022,"Kneubuhler, Markus;#50","Corintho, Lucas;#81",24;#Químico e Petroquímico,57;#Operational model redesign,Validado,113,27/5/2022 06:41,Item,sites/KnowledgeCorporateTransformation/Lists/Cases
Digital & Technology Services (CT),Grupo São Lucas (Hemomed): Transformation Management Office ​,Grupo São Lucas (Hemomed),2023,"Quintao, Fabio;#23","Domingues, Alexandre;#364",25;#Saúde,141;#A＆M offers,Validado,849,27/1/2023 13:41,Item,sites/KnowledgeCorporateTransformation/Lists/Cases
Digital & Technology Services,H.I.G. Capital Brazil : IT Due Diligence ,H.I.G. Capital Brazil ,2022,"Quintao, Fabio;#23","Lopes, Joao;#458",7;#Serviços Financeiros,,Validado,1265,30/9/2024 13:37,Item,sites/KnowledgeCorporateTransformation/Lists/Cases
Bizhub,Heineken: Desenvolvimento de Data Governance,Heineken,2021,"Bonora, Ricardo;#116","Coutinho, Alexandre;#330",8;#Bebidas,104;#Data Analytics,Validado,53,19/1/2022 04:46,Item,sites/KnowledgeCorporateTransformation/Lists/Cases
Bizhub,Heineken: Plataforma para Assessment,Heineken,2021,"Bonora, Ricardo;#116","Coutinho, Alexandre;#330",8;#Bebidas,104;#Data Analytics,Validado,54,19/1/2022 04:58,Item,sites/KnowledgeCorporateTransformation/Lists/Cases
Digital & Technology Services (CT),Hemomed : Diagnóstico de TI,Grupo São Lucas (Hemomed),2022,"Quintao, Fabio;#23","Fernandes, Victor;#144",25;#Saúde,83;#IT Diagnosis,Validado,73,31/3/2022 11:31,Item,sites/KnowledgeCorporateTransformation/Lists/Cases
Corporate Transformation (2018 - 2021),Henry Schein Brasil - Saúde,Quantity Servicos e Comercio de Produtos Para Saude S.A.,2019,"Sampaio de Oliveira, Eduardo;#19",,25;#Saúde,47;#IT Due Diligence,Em validação,1032,7/2/2023 14:37,Item,sites/KnowledgeCorporateTransformation/Lists/Cases
Digital & Technology Services (CT),Henry Schein: ​​Diagnóstico de TI e Quality Assurance de projetos,Henry Schein,2020,"Quintao, Fabio;#23","Ricupero, Luis;#22",14;#Comércio;#25;#Saúde,62;#IT Consulting;#83;#IT Diagnosis,Validado,9,5/10/2021 12:19,Item,sites/KnowledgeCorporateTransformation/Lists/Cases
Healthcare Industry Group,HGB Hospital Grande Belem: BP & Captação de Recursos,HGB Hospital Grande Belem,2023,"Compte, Marcelo;#3269","Chimionato, Roberto;#3190",25;#Saúde,445;#Business Plan,Validado,1211,20/3/2024 08:04,Item,sites/KnowledgeCorporateTransformation/Lists/Cases
Digital & Technology Services (CT),Highland Park Comercio e Importação: Diagnóstico de TI,Highland Park Comercio e Importação,2020,"Quintao, Fabio;#23","Vieira, Thiago;#340",17;#Varejo,214;#IT Diagnosis,Validado,144,8/9/2022 13:20,Item,sites/KnowledgeCorporateTransformation/Lists/Cases
Corporate Transformation (2018 - 2021),Hirota Food: Business Case de plano de Expansão​,Hirota Food,2020,"Kneubuhler, Markus;#50","Fiorini, Vitor Hugo;#24",11;#Alimentos,206;#Growth Strategy,Validado,138,29/8/2022 08:31,Item,sites/KnowledgeCorporateTransformation/Lists/Cases
Corporate Transformation (2018 - 2021),Hirota: Planejamento estratégico ,Hirota Food,2020,"Kneubuhler, Markus;#50","Fiorini, Vitor Hugo;#24",17;#Varejo;#11;#Alimentos,154;#Business model,Validado,19,7/10/2021 11:23,Item,sites/KnowledgeCorporateTransformation/Lists/Cases
Corporate Transformation (2018 - 2021),Hospital Care: 13 week cash flow,Hospital Care,2021,"Munier, Kevin;#26","Garcia, Maira;#297",25;#Saúde,157;#Working Capital Optimization,Validado,120,30/6/2022 10:38,Item,sites/KnowledgeCorporateTransformation/Lists/Cases
Healthcare Industry Group,Hospital Mãe de Deus: Projeto Farroupilha,Hospital Mãe de Deus,2023,"Compte, Marcelo;#3269","Chimionato, Roberto;#3190",25;#Saúde,421;#Planejamento estratégico,Validado,1208,20/3/2024 08:00,Item,sites/KnowledgeCorporateTransformation/Lists/Cases
PEPI (CT),Hotmart: integração da Hotmart com a eNotas,Hotmart,2022,"Munier, Kevin;#26","Godoi, Thalles;#875",115;#Educação,232;#Post-Merger Integration (PMI),Validado,183,14/12/2022 07:56,Item,sites/KnowledgeCorporateTransformation/Lists/Cases
Gestão (CT),iByte: Elaboração do planejamento estratégico,iByte,2022,"Kneubuhler, Markus;#50","Lupion, Bruna;#135",18;#Eletrônico,327;#Governance,Validado,1113,5/5/2023 07:07,Item,sites/KnowledgeCorporateTransformation/Lists/Cases
Strategy (CT),iByte: Estratégia,iByte,2022,"Pela, Mauricio;#18","Hashiba, Rafael;#250",17;#Varejo,,Validado,1108,28/4/2023 11:29,Item,sites/KnowledgeCorporateTransformation/Lists/Cases
Corporate Transformation (2018 - 2021),Imcopa - Agronegócio,FEMA 2 INVESTIMENTOS E PARTICIPAÇÕES LTDA,2018,"Sampaio de Oliveira, Eduardo;#19",,13;#Agronégocio,196;#Corporate restructuring,Em validação,857,7/2/2023 14:35,Item,sites/KnowledgeCorporateTransformation/Lists/Cases
Corporate Transformation (2018 - 2021),Ingredion - Alimentos,Ingredion,2019,"Kneubuhler, Markus;#50",,11;#Alimentos,302;#Performance Management,Em validação,1041,7/2/2023 14:37,Item,sites/KnowledgeCorporateTransformation/Lists/Cases
Corporate Transformation (2018 - 2021),Ingredion Incorporated: Revisão do modelo operacional (fase 3),Ingredion Incorporated,2020,"Kneubuhler, Markus;#50","Ribeiro, Joao;#227;#Eleuterio, Pamela;#735",11;#Alimentos,56;#Operating Model,Validado,63,22/3/2022 06:25,Item,sites/KnowledgeCorporateTransformation/Lists/Cases
Corporate Transformation (2018 - 2021),Ingredion Incorporated: Sourcing ,Ingredion Incorporated,2021,"Kneubuhler, Markus;#50","Ribeiro, Joao;#227;#Eleuterio, Pamela;#735",11;#Alimentos,28;#Strategic Sourcing ＆ Procurement,Validado,64,22/3/2022 06:27,Item,sites/KnowledgeCorporateTransformation/Lists/Cases
Corporate Transformation (2018 - 2021),Ingredion: Melhoria de Performance,Ingredion Incorporated,2019,"Kneubuhler, Markus;#50","Ribeiro, Joao;#227",11;#Alimentos,56;#Operating Model,Validado,21,8/10/2021 05:49,Item,sites/KnowledgeCorporateTransformation/Lists/Cases
Corporate Transformation (2018 - 2021),Insolo Agroindustrial - Agronegócio,Phemus Corporation,2016,"Grillo, Gonzalo;#3268",,13;#Agronégocio,,Em validação,892,7/2/2023 14:35,Item,sites/KnowledgeCorporateTransformation/Lists/Cases
Corporate Transformation (2018 - 2021),IPA Automotivo: gestão interina e assessoria financeira ,IPA Automotivo,2018,"Sampaio de Oliveira, Eduardo;#19","Chan, Paulo;#61",19;#Automotivo,57;#Operational model redesign,Validado,98,3/5/2022 04:45,Item,sites/KnowledgeCorporateTransformation/Lists/Cases
Corporate Transformation (2018 - 2021),Ipiranga Produtos de Petróleo S.A.: Venda de Carteira (NPL),Ipiranga Produtos de Petróleo S.A.,2021,"Mendes, Carlos;#16","Eguti, Rafael;#489",125;#Combustível,36;#Financial Transformation,Validado,157,18/10/2022 07:18,Item,sites/KnowledgeCorporateTransformation/Lists/Cases
Finance (CT),Ipiranga: Collection,Ipiranga,2021,"Mendes, Carlos;#16","Garay, Janice;#180",24;#Químico e Petroquímico,193;#Administrative / judicial collection,Validado,83,14/4/2022 06:59,Item,sites/KnowledgeCorporateTransformation/Lists/Cases
Finance (CT),J&T Express: J&T EXPRESS BRAZIL - Modelo Operacional e Custos,J&T Express,2023,"Mendes, Carlos;#16","Gimenes, Vinicius;#478",21;#Transporte e armazenamento,,Validado,1123,19/6/2023 10:18,Item,sites/KnowledgeCorporateTransformation/Lists/Cases
Corporate Transformation (2018 - 2021),Jacobsen Companhia de Cultivos - Agronegócio,JCC - Jacobsen Companhia de Cultivos,2015,"Mattos, Rodrigo;#3912",,13;#Agronégocio,240;#Financial management,Em validação,885,7/2/2023 14:35,Item,sites/KnowledgeCorporateTransformation/Lists/Cases
Strategy (CT),Jequiti: Crescimento de Receita,Jequiti,2022,"Pela, Mauricio;#18","Neto, Luiz;#335","140;#Cosméticos, Produtos de perfumaria e Higiene",171;#Reveneue Enhancements,Validado,112,24/5/2022 12:01,Item,sites/KnowledgeCorporateTransformation/Lists/Cases
Bizhub,Kellogg’s: Otimização de Caixas,Kellogg’s,2021,"Bonora, Ricardo;#116","Coutinho, Alexandre;#330",11;#Alimentos,104;#Data Analytics,Validado,55,19/1/2022 05:01,Item,sites/KnowledgeCorporateTransformation/Lists/Cases
Finance (CT),Kelloggs: Finance - Hedge,Kelloggs,2023,"Mendes, Carlos;#16","Ferrari, Daniel;#2592",11;#Alimentos,249;#Risk management,Validado,1148,22/9/2023 05:40,Item,sites/KnowledgeCorporateTransformation/Lists/Cases
Strategy (CT),Kelloggs: Kellogg - GTM Peru,Kelloggs,2023,"Pela, Mauricio;#18","Reis, Igor;#205",11;#Alimentos,339;#Go to Market / Route to Market,Validado,1124,20/6/2023 10:25,Item,sites/KnowledgeCorporateTransformation/Lists/Cases
Strategy,Kelloggs: Kellogg CT,Kelloggs,2024,"Pela, Mauricio;#18","Reis, Igor;#205",11;#Alimentos,380;#Transformação Corporativa;#436;#Redução de custos G＆A e custos indiretos;#469;#Custo para servir (C2S),Validado,1215,22/3/2024 10:42,Item,sites/KnowledgeCorporateTransformation/Lists/Cases
Strategy,Kellogg's: RTM Colômbia,Kellogg's,2024,"Pela, Mauricio;#18","Giacometti, Marceli;#4605",11;#Alimentos,416;#Logística e distribuição [Operações logísticas],Validado,1220,1/4/2024 11:16,Item,sites/KnowledgeCorporateTransformation/Lists/Cases
Finance,Land Maastricht: Diagnóstico CT Finance,Land Maastricht,2024,"Mendes, Carlos;#16","Kumagai, Victor;#270",,414;#Strategic Sourcing (indirect),Validado,1233,15/8/2024 07:53,Item,sites/KnowledgeCorporateTransformation/Lists/Cases
Corporate Transformation (2018 - 2021),Lavoro Agro: estruturação de área de compras e mapeamento do processo integrado de compras diretas ,Lavoro Agro,2021,"Kneubuhler, Markus;#50","Avila, Henrique;#253",12;#Agricultura,28;#Strategic Sourcing ＆ Procurement,Validado,177,21/11/2022 05:51,Item,sites/KnowledgeCorporateTransformation/Lists/Cases
Corporate Transformation (2018 - 2021),LDC Juice,Louis Dreyfus Company,2020,"Rino, Tiago;#14",,8;#Bebidas,291;#Performance Improvement and Playbook,Em validação,1066,7/2/2023 14:37,Item,sites/KnowledgeCorporateTransformation/Lists/Cases
Corporate Transformation (2018 - 2021),LDC Juice: excelência operacional,LDC Juice,2020,"Sampaio de Oliveira, Eduardo;#19","Fiorini, Vitor Hugo;#24",8;#Bebidas,198;#Overall Equipment Effectiveness (OEE);#199;#Operations,Validado,10,5/10/2021 12:20,Item,sites/KnowledgeCorporateTransformation/Lists/Cases
Digital & Technology Services (CT),LIQ: Redução de custos de TI,LIQ ,2019,"Quintao, Fabio;#23","Ricupero, Luis;#22","16;#Telecomunicações, Mídia e Tecnologia",203;#IT Cost Optimization,Validado,33,8/10/2021 10:35,Item,sites/KnowledgeCorporateTransformation/Lists/Cases
Digital & Technology Services (CT),Listo Meio de Pagamentos: Construção do business blueprint,Listo Meio de Pagamentos,2019,"Quintao, Fabio;#23","Pascoli, Rafael;#71","16;#Telecomunicações, Mídia e Tecnologia",42;#ERP System,Validado,93,28/4/2022 04:42,Item,sites/KnowledgeCorporateTransformation/Lists/Cases
PEPI (CT),Localfrio - Transporte e logística,Localfrio,2021,"Sampaio de Oliveira, Eduardo;#19",,21;#Transporte e armazenamento,288;#Performance Improvement and Playbook,Em validação,1012,7/2/2023 14:36,Item,sites/KnowledgeCorporateTransformation/Lists/Cases
Corporate Transformation (2018 - 2021),Localfrio: Melhoria de performance,Localfrio,2018,"Mendes, Carlos;#16","Watanabe, Bianca;#311",11;#Alimentos;#21;#Transporte e armazenamento;#6;#Logistica,45;#Operations planning,Validado,29,8/10/2021 09:09,Item,sites/KnowledgeCorporateTransformation/Lists/Cases
Finance,Localiza: Localiza - Legal,Localiza,2023,"Hong, Rodrigo;#441","Pincelli, Lucas;#3038",19;#Automotivo,460;#Governança e Estrutura Organizacional de Legal,Validado,1196,7/3/2024 05:19,Item,sites/KnowledgeCorporateTransformation/Lists/Cases
Digital & Technology Services,Locaweb: it capacity,Locaweb,2023,"Quintao, Fabio;#23","Weiss, Ian;#193",60;#Tecnologia,523;#Desenho Organizacional de TI,Validado,1261,27/9/2024 06:47,Item,sites/KnowledgeCorporateTransformation/Lists/Cases
Finance (CT),Locaweb: Suprimentos Indiretos,Locaweb,2023,"Mendes, Carlos;#16","Castro, Alexandre;#299",359;#Tecnologia,27;#Supplier management,Em validação,1153,29/9/2023 12:35,Item,sites/KnowledgeCorporateTransformation/Lists/Cases
Corporate Transformation (2018 - 2021),Log&Print: M&A,Log&Print,2019,,"Vitti, Andre;#1104;#Tanuri, Rayan;#767",116;#Papel e Celulose,31;#Mergers and Acquisition (M＆A) Performance,Validado,34,8/10/2021 10:37,Item,sites/KnowledgeCorporateTransformation/Lists/Cases
Finance,Lojas Americanas: Americanas - Legal,Lojas Americanas,2024,"Hong, Rodrigo;#441","Estrella, Karen;#1974",9;#Varejo e bens de consumo,389;#Legal,Validado,1237,17/8/2024 11:25,Item,sites/KnowledgeCorporateTransformation/Lists/Cases
Bizhub,Luft Logistics: Eficiência Operacional Centros de Distribuição,Luft Logistics,2021,"Bonora, Ricardo;#116","Coutinho, Alexandre;#330",6;#Logistica,104;#Data Analytics,Validado,56,19/1/2022 05:04,Item,sites/KnowledgeCorporateTransformation/Lists/Cases
Corporate Transformation (2018 - 2021),M. Dias Branco,M. Dias Branco,2020,"Rino, Tiago;#14",,11;#Alimentos,292;#Assessment,Em validação,1072,7/2/2023 14:37,Item,sites/KnowledgeCorporateTransformation/Lists/Cases
Bizhub,M. Dias Branco: Acompanhamento Resultados RPA,M. Dias Branco,2021,"Bonora, Ricardo;#116","Coutinho, Alexandre;#330",11;#Alimentos,104;#Data Analytics,Validado,57,19/1/2022 05:06,Item,sites/KnowledgeCorporateTransformation/Lists/Cases
Corporate Transformation (2018 - 2021),M. Dias Branco: Avaliação holística e implementação,M. Dias Branco,2020 ,"Rino, Tiago;#14","Corintho, Lucas;#81",11;#Alimentos,165;#Performance Management,Validado,23,8/10/2021 06:05,Item,sites/KnowledgeCorporateTransformation/Lists/Cases
Digital & Technology Services (CT),M. Dias Branco: IT Due Diligence,M. Dias Branco,2021,"Bonora, Ricardo;#116","Massao, Marcos;#86",11;#Alimentos,47;#IT Due Diligence,Validado,1093,28/2/2023 11:38,Item,sites/KnowledgeCorporateTransformation/Lists/Cases
Finance (CT),Maré Fertilizantes: Iniciativas de Otimização,Maré Fertilizantes,2023,"Mendes, Carlos;#16","Perisse Lobo, Rodrigo;#410",237;#Fertilizantes,332;#Treasury,Validado,1121,11/5/2023 09:41,Item,sites/KnowledgeCorporateTransformation/Lists/Cases
Corporate Transformation (2018 - 2021),Matrix & Titan: Due Diligence de TI e Operacional,Matrix & Titan,2021,"Kneubuhler, Markus;#50","Carbinatto, Lucas;#66","16;#Telecomunicações, Mídia e Tecnologia",47;#IT Due Diligence;#48;#Operational Due Diligence (ODD) and Business Due Diligence (BDD),Validado,47,11/11/2021 04:39,Item,sites/KnowledgeCorporateTransformation/Lists/Cases
Corporate Transformation (2018 - 2021),Mercado BitCoin: IT Due Diligence,Mercado Bitcoin,,,,,,Em validação,1139,27/7/2023 07:11,Item,sites/KnowledgeCorporateTransformation/Lists/Cases
Corporate Transformation (2018 - 2021),Messer CVC: Transport Invoice,Messer CVC,2020,"Pela, Mauricio;#18","Dias, Beatriz;#269",20;#Óleo e Gás Natural,179;#Competitive Analysis,Validado,124,6/7/2022 11:24,Item,sites/KnowledgeCorporateTransformation/Lists/Cases
Corporate Transformation (2018 - 2021),Messer Gases: CSC Digital Transformatio,Messer Gases,,,,,,Em validação,1137,27/7/2023 07:02,Item,sites/KnowledgeCorporateTransformation/Lists/Cases
Finance,Metasa: Sourcing de Indiretos,Metasa,2023,"Mendes, Carlos;#16","Fukue, Flavio;#32",105;#Mineração e Siderurgia,436;#Redução de custos G＆A e custos indiretos,Validado,1238,17/8/2024 11:32,Item,sites/KnowledgeCorporateTransformation/Lists/Cases
Transformação Corporativa,Metasa: Transformação corporativa,Metasa,2024,"Bortolotto, Pedro;#914;#Bonaldo Alves, Filipe;#3531;#Menano, Joao;#2472","Baldaia, Alef;#1617",105;#Mineração e Siderurgia,377;#Acompanhamento da fase de otimização e transformação (IMO),Validado,1193,7/2/2024 09:02,Item,sites/KnowledgeCorporateTransformation/Lists/Cases
Strategy (CT),Minalba: Otimização Operacional,Minalba,2021,,"Gehlen, Maria Eduarda;#459",8;#Bebidas,199;#Operations,Validado,1122,5/6/2023 10:53,Item,sites/KnowledgeCorporateTransformation/Lists/Cases
Strategy (CT),"Minalba: Supply, Industria e Logistica",Minalba,2021,"Sampaio de Oliveira, Eduardo;#19","Gehlen, Maria Eduarda;#459",8;#Bebidas,,Validado,1130,11/7/2023 12:11,Item,sites/KnowledgeCorporateTransformation/Lists/Cases
Finance,Mosaic Fertilizantes: Mosaic Fertilizantes - Strategic Sourcing,Mosaic Fertilizantes,2023,"Mendes, Carlos;#16","Cremasco, Bruno;#1952",13;#Agronégocio,414;#Strategic Sourcing (indirect),Validado,1250,19/9/2024 09:21,Item,sites/KnowledgeCorporateTransformation/Lists/Cases
Finance,Mosaic Fertilizantes: Tombamento Contratos de Indiretos,Mosaic Fertilizantes,2024,"Mendes, Carlos;#16","Cremasco, Bruno;#1952",124;#Mineração,397;#Renegociação de contratos de compras,Validado,1251,19/9/2024 09:24,Item,sites/KnowledgeCorporateTransformation/Lists/Cases
Finance,Mosaic Fertilizantes: Tombamento Contratos de Indiretos,Mosaic Fertilizantes,2024,"Mendes, Carlos;#16","Cremasco, Bruno;#1952",124;#Mineração,397;#Renegociação de contratos de compras,Validado,1252,19/9/2024 09:24,Item,sites/KnowledgeCorporateTransformation/Lists/Cases
Finance,Mosaic Fertilizantes: Tombamento Contratos de Indiretos,Mosaic Fertilizantes,2024,"Mendes, Carlos;#16","Cremasco, Bruno;#1952",124;#Mineração,397;#Renegociação de contratos de compras,Validado,1253,19/9/2024 09:24,Item,sites/KnowledgeCorporateTransformation/Lists/Cases
Transformação Corporativa,Moshe 3000: Projeto Moshe 3000,Moshe 3000,2023,"Pela, Mauricio;#18","Brito, Barbara;#1928",26;#Construção e infraestrutura,377;#Acompanhamento da fase de otimização e transformação (IMO),Validado,1185,9/1/2024 09:49,Item,sites/KnowledgeCorporateTransformation/Lists/Cases
Transformação Corporativa,Moshe 3000: Projeto Moshe 3000,Moshe 3000,2023,"Pela, Mauricio;#18","Brito, Barbara;#1928",26;#Construção e infraestrutura,377;#Acompanhamento da fase de otimização e transformação (IMO),Validado,1186,9/1/2024 09:49,Item,sites/KnowledgeCorporateTransformation/Lists/Cases
Corporate Transformation (2018 - 2021),Mubadala: Electronic Trading e Serviços da Bolsa de Valores,Mubadala,,,,,,Em validação,1142,27/7/2023 08:12,Item,sites/KnowledgeCorporateTransformation/Lists/Cases
Digital & Technology Services (CT),Mubadala: IT Consulting,Mubadala,2021,"Quintao, Fabio;#23","Weiss, Ian;#193",26;#Construção e infraestrutura,62;#IT Consulting,Validado,153,6/10/2022 11:29,Item,sites/KnowledgeCorporateTransformation/Lists/Cases
Digital & Technology Services (CT),Mubadala: IT Due Diligence,Mubadala,2020,"Quintao, Fabio;#23","Weiss, Ian;#193",139;#Bancários,47;#IT Due Diligence,Validado,154,6/10/2022 11:30,Item,sites/KnowledgeCorporateTransformation/Lists/Cases
Digital & Technology Services (CT),Mubadala: IT Due Diligence,Mubadala,2022,"Quintao, Fabio;#23","Vieira, Thiago;#340",139;#Bancários,47;#IT Due Diligence,Validado,1096,28/2/2023 11:41,Item,sites/KnowledgeCorporateTransformation/Lists/Cases
Transformação Corporativa (CT),Nacional Gas: Estruturação do atendimento​,Nacional Gas,2022,"Rino, Tiago;#14","Neto, Luiz;#335",20;#Óleo e Gás Natural,234;#Customer Experience,Validado,184,14/12/2022 10:40,Item,sites/KnowledgeCorporateTransformation/Lists/Cases
Strategy (CT),Nadir Figueiredo Indústria e Comércio S.A.: Incentivo Comercial,Nadir Figueiredo,2023,"Pela, Mauricio;#18","Souza, Daiane;#464",14;#Comércio,,Validado,1133,18/7/2023 07:47,Item,sites/KnowledgeCorporateTransformation/Lists/Cases
Corporate Transformation (2018 - 2021),Natulab Laboratório Farmacêutico: Natulab - BI,Natulab,2021,"Quintao, Fabio;#23","Palhares, Fernanda;#1146",10;#Farmoquímicos e Farmaceuticos,,Validado,1107,28/4/2023 11:23,Item,sites/KnowledgeCorporateTransformation/Lists/Cases
Corporate Transformation (2018 - 2021),Natulab: Fase 1 - Redução de custo e aumento da produtividade,Natulab,2021,"Munier, Kevin;#26","Ribeiro, Joao;#227",10;#Farmoquímicos e Farmaceuticos,2;#Reduction of G＆A costs and indirect costs,Validado,49,2/12/2021 04:31,Item,sites/KnowledgeCorporateTransformation/Lists/Cases
Corporate Transformation (2018 - 2021),Natulab: Fase 2 - Apoio Operacional,Natulab,2021,"Kneubuhler, Markus;#50","Carbinatto, Lucas;#66",10;#Farmoquímicos e Farmaceuticos,44;#Sales Inventory and Operations Planning (SIOP);#45;#Operations planning;#46;#Stock policy,Validado,46,10/11/2021 06:23,Item,sites/KnowledgeCorporateTransformation/Lists/Cases
Digital & Technology Services (CT),Natulab: Project Quality Assurance e PMO,Natulab,2021,"Quintao, Fabio;#23","Milani, Heitor;#295",10;#Farmoquímicos e Farmaceuticos,42;#ERP System,Validado,117,3/6/2022 09:40,Item,sites/KnowledgeCorporateTransformation/Lists/Cases
Corporate Transformation (2018 - 2021),Nemera: Preparação pro Dia-1 e PMI,Nemera,2021,"Munier, Kevin;#26","Marcilio, Caio;#54",10;#Farmoquímicos e Farmaceuticos,32;#Post-Merger Integration (PMI),Validado,175,17/11/2022 12:11,Item,sites/KnowledgeCorporateTransformation/Lists/Cases
M&A Performance,Nexa Resources S.A: Nexa Resources S.A - Carve Out,Nexa Resources S.A,2023,"Munier, Kevin;#26","Sipolatti, Eduarda;#199",124;#Mineração,448;#Carve-out,Validado,1207,19/3/2024 06:37,Item,sites/KnowledgeCorporateTransformation/Lists/Cases
Bizhub,Nitro Química : Comunidade Salesforce,Nitro Química ,2022,"Bonora, Ricardo;#116","Pinto, Suzy;#200",13;#Agronégocio,74;#Salesforce,Validado,88,18/4/2022 10:43,Item,sites/KnowledgeCorporateTransformation/Lists/Cases
Transformação Corporativa,Oceaneering International: Oceaneering - Diagnóstico Amplo,Oceaneering International,2023,"Bortolotto, Pedro;#914","Denardin, Bruno;#129",363;#Óleo e Gás Natural,197;#Transformações Holisticas,Validado,1230,15/7/2024 04:55,Item,sites/KnowledgeCorporateTransformation/Lists/Cases
Finance (CT),Ocrim: Riscos/Hedge,Ocrim,2023,"Mendes, Carlos;#16","Ferrari, Daniel;#2592",11;#Alimentos,249;#Risk management,Validado,1149,22/9/2023 05:40,Item,sites/KnowledgeCorporateTransformation/Lists/Cases
PEPI (CT),ODD (Frente Comercial) / Transformação Digital,Pátria Investimentos,2023,"Furuta, Gustavo;#5531","Cardoner, Mateo;#78","16;#Telecomunicações, Mídia e Tecnologia",446;#Diligência Operacional,Validado,1191,5/2/2024 05:14,Item,sites/KnowledgeCorporateTransformation/Lists/Cases
Transformação Corporativa (CT),Oggi Sorvetes: Diagnóstico amplo e transformação,Oggi Sorvetes,2022,"Bortolotto, Pedro;#914","Toledo, Caroline;#1604",11;#Alimentos,280;#Gestão,Validado,1132,14/7/2023 09:53,Item,sites/KnowledgeCorporateTransformation/Lists/Cases
Transformação Corporativa,Oggi Sorvetes: Diagnóstico amplo e transformação,Oggi Sorvetes,2022,"Bortolotto, Pedro;#914","Toledo, Caroline;#1604",11;#Alimentos,396;#Transformação Corporativa,Validado,1206,19/3/2024 06:26,Item,sites/KnowledgeCorporateTransformation/Lists/Cases
Gestão (CT),Oggi Sorvetes: Gestão para melhoraria de resultados,Oggi Sorvetes,2022,"Kneubuhler, Markus;#50","Lupion, Bruna;#135",11;#Alimentos,294;#Transformation Office;#229;#Operating model redesign;#327;#Governance,Validado,1111,5/5/2023 06:27,Item,sites/KnowledgeCorporateTransformation/Lists/Cases
Digital & Technology Services (CT),Oncoclinicas: PMO,Oncoclinicas,2022,"Quintao, Fabio;#23","Mazeli, Estefani;#423",25;#Saúde,144;#PMO,Validado,67,31/3/2022 11:23,Item,sites/KnowledgeCorporateTransformation/Lists/Cases
Corporate Transformation (2018 - 2021),Ontex - Bens de consumo,Ontex Brasil Holding Ltda.,2018,"Sampaio de Oliveira, Eduardo;#19",,9;#Varejo e bens de consumo,288;#Performance Improvement and Playbook,Em validação,951,7/2/2023 14:36,Item,sites/KnowledgeCorporateTransformation/Lists/Cases
Corporate Transformation (2018 - 2021),Ontex: Melhoria de performance,Ontex,2018,"Rino, Tiago;#14","Garisto, Andre;#2115",14;#Comércio;#25;#Saúde,187;#PMO;#188;#Zero-based budget (ZBB),Validado,35,8/10/2021 10:38,Item,sites/KnowledgeCorporateTransformation/Lists/Cases
Bizhub,OR Sementes: Implementação Salesforce CRM,OR Sementes ,2022,"Bonora, Ricardo;#116","Bartolomei da Silveira, Giordana;#162",12;#Agricultura,74;#Salesforce,Validado,78,13/4/2022 12:23,Item,sites/KnowledgeCorporateTransformation/Lists/Cases
Finance (CT),Orizon: Orizon VR,Orizon,2023,"Hong, Rodrigo;#441","Pincelli, Lucas;#3038",303;#Limpeza,194;#Legal,Validado,1106,28/4/2023 10:37,Item,sites/KnowledgeCorporateTransformation/Lists/Cases
Finance,Orizon: Orizon VR,Orizon,2023,"Hong, Rodrigo;#441","Pincelli, Lucas;#3038",25;#Saúde,389;#Legal,Validado,1194,26/2/2024 06:43,Item,sites/KnowledgeCorporateTransformation/Lists/Cases
Digital & Technology Services (CT),Ortobom: IT Due Diligence,Ortobom,2022,"Quintao, Fabio;#23","Vieira, Thiago;#340",139;#Bancários,47;#IT Due Diligence,Validado,110,24/5/2022 10:43,Item,sites/KnowledgeCorporateTransformation/Lists/Cases
Corporate Transformation (2018 - 2021),Osteocamp - Saúde,Osteocamp,2014,"DeLucio, Luis;#3733",,25;#Saúde,318;#Interim governance,Em validação,970,7/2/2023 14:36,Item,sites/KnowledgeCorporateTransformation/Lists/Cases
Corporate Transformation (2018 - 2021),Osteocamp: Melhoria de performance,Osteocamp ,2014,"Sampaio de Oliveira, Eduardo;#19","Munier, Kevin;#26",25;#Saúde;#14;#Comércio,205;#Interim Management,Validado,36,8/10/2021 10:40,Item,sites/KnowledgeCorporateTransformation/Lists/Cases
Digital & Technology Services (CT),Pátria Investimento: IT DD Medsystems,Pátria Investimentos,2022,"Quintao, Fabio;#23","Lorusso, Thiago;#1053",25;#Saúde,208;#IT Due Diligence,Validado,181,14/12/2022 07:53,Item,sites/KnowledgeCorporateTransformation/Lists/Cases
Corporate Transformation,PATRIA INVESTIMENTOS - TOSTAO CAFÉ & PAN - Operational: ODD - TOSTAO CAFÉ & PAN ,PATRIA INVESTIMENTOS - TOSTAO CAFÉ & PAN - Operational,2022,"Yoshimura, Alexandre;#271","Vaz, Gabriel;#342",17;#Varejo,446;#Diligência Operacional;#474;#Diligência Comercial,Validado,1262,27/9/2024 09:43,Item,sites/KnowledgeCorporateTransformation/Lists/Cases
Digital & Technology Services (CT),Pátria Investimentos Tiscoski / Braveo IT Sourcing,Pátria Investimentos,2021,"Quintao, Fabio;#23","Antonialli, Guilherme;#53",6;#Logistica,62;#IT Consulting,Validado,116,27/5/2022 06:54,Item,sites/KnowledgeCorporateTransformation/Lists/Cases
Digital & Technology Services (CT),Patria Investimentos: Armazém Rio Piranhas IT Due Diligence,Pátria Investimentos,2021,"Quintao, Fabio;#23","Pascoli, Rafael;#71",9;#Varejo e bens de consumo,62;#IT Consulting,Validado,95,29/4/2022 10:02,Item,sites/KnowledgeCorporateTransformation/Lists/Cases
M&A Performance,Patria Investimentos: BDD -  Tese Massari,Patria Investimentos,2023,"Munier, Kevin;#26","Costa, Kayque;#243",13;#Agronégocio,,Validado,1246,18/9/2024 17:09,Item,sites/KnowledgeCorporateTransformation/Lists/Cases
Digital & Technology Services (CT),Pátria Investimentos: Beauty Holding | Oniz Distribuidora​,Pátria Investimentos,2021,"Quintao, Fabio;#23","Pascoli, Rafael;#71",9;#Varejo e bens de consumo,47;#IT Due Diligence,Validado,131,3/8/2022 05:45,Item,sites/KnowledgeCorporateTransformation/Lists/Cases
Digital & Technology Services (CT),Pátria Investimentos: Beauty Holding: IT TMO + CM,Pátria Investimentos: Beauty Holding,2022,"Quintao, Fabio;#23","Segretti, Luis;#488",14;#Comércio,62;#IT Consulting,Validado,1125,20/6/2023 10:47,Item,sites/KnowledgeCorporateTransformation/Lists/Cases
Digital & Technology Services (CT),Patria Investimentos: Braveo IT Sourcing,Pátria Investimentos,2021,"Quintao, Fabio;#23","Antonialli, Guilherme;#53",6;#Logistica,63;#Software Selection;#62;#IT Consulting,Validado,147,28/9/2022 11:53,Item,sites/KnowledgeCorporateTransformation/Lists/Cases
Gestão (CT),Pátria Investimentos: Construção de Business plan para Neosecure,Pátria Investimentos,2022,"Kneubuhler, Markus;#50","Ribeiro, Joao;#227","16;#Telecomunicações, Mídia e Tecnologia",154;#Business model,Validado,82,14/4/2022 06:55,Item,sites/KnowledgeCorporateTransformation/Lists/Cases
Digital & Technology Services (CT),Patria Investimentos: Irmãos Boa​,Pátria Investimentos,2021,"Quintao, Fabio;#23","Pascoli, Rafael;#71",9;#Varejo e bens de consumo,47;#IT Due Diligence,Validado,129,3/8/2022 05:33,Item,sites/KnowledgeCorporateTransformation/Lists/Cases
Digital & Technology Services (CT),Patria Investimentos: IT Due Diligence Projeto Saturno,Pátria Investimentos,2022,"Quintao, Fabio;#23","Reganassi, Raissa;#343",13;#Agronégocio,208;#IT Due Diligence,Validado,146,20/9/2022 10:37,Item,sites/KnowledgeCorporateTransformation/Lists/Cases
Corporate Transformation (2018 - 2021),"Pátria Investimentos: IT Due Diligence, Arquitetura Digital e PMi",Pátria Investimentos,,,,,,Em validação,1141,27/7/2023 08:11,Item,sites/KnowledgeCorporateTransformation/Lists/Cases
Digital & Technology Services (CT),Patria Investimentos: Ki Sabor IT DD,Pátria Investimentos,2019,"Quintao, Fabio;#23","Antonialli, Guilherme;#53",11;#Alimentos,47;#IT Due Diligence,Validado,150,28/9/2022 13:45,Item,sites/KnowledgeCorporateTransformation/Lists/Cases
M&A Performance,Patria Investimentos: ODD MedSystems,Patria Investimentos,2022,"Munier, Kevin;#26","Barros, Hector;#2240",7;#Serviços Financeiros,,Validado,1225,6/5/2024 07:25,Item,sites/KnowledgeCorporateTransformation/Lists/Cases
M&A Performance,Patria Investimentos: Pátria - Skintec ODD,Patria Investimentos,2022,"Munier, Kevin;#26","Barros, Hector;#2240",,,Validado,1224,30/4/2024 08:04,Item,sites/KnowledgeCorporateTransformation/Lists/Cases
Digital & Technology Services,PetroReconcavo: PetroReconcavo - Digital Smart Operations and Asset Intelligence,PetroReconcavo,2023,"Quintao, Fabio;#23","Brandao, Giovanna;#242",24;#Químico e Petroquímico,,Validado,1226,13/5/2024 10:20,Item,sites/KnowledgeCorporateTransformation/Lists/Cases
Bizhub,Pixeon: Salesforce,Pixeon,2022,"Bonora, Ricardo;#116","Ribeiro, Wemerson;#300",60;#Tecnologia,221;#Salesforce offers,Validado,1097,28/2/2023 11:41,Item,sites/KnowledgeCorporateTransformation/Lists/Cases
Transformação Corporativa (CT),Plastilit - Industrial,Plastilit Produtos Plasticos do Parana S/A,2015,"Sampaio de Oliveira, Eduardo;#19",,79;#Industrial,288;#Performance Improvement and Playbook,Em validação,933,7/2/2023 14:36,Item,sites/KnowledgeCorporateTransformation/Lists/Cases
Finance (CT),Platinum Equity Europe: Grupo Iberconsa ,Platinum Equity Europe,2022,"Mendes, Carlos;#16","Carbinatto, Lucas;#66",156;#Pesca,150;#Shared Services Center (SSC),Validado,87,18/4/2022 10:19,Item,sites/KnowledgeCorporateTransformation/Lists/Cases
Digital & Technology Services (CT),Platinum Equity Europe: IT Carve-out - Project California / Calderys,Platinum Equity Europe,2023,"Quintao, Fabio;#23","Lorusso, Thiago;#1053",355;#Químico e Petroquímico,226;#IT Carve-out (PMI),Validado,1150,22/9/2023 05:41,Item,sites/KnowledgeCorporateTransformation/Lists/Cases
Digital & Technology Services,Plurix - SMR Holding: Definição da Estratégia e Arquitetura Digital,Plurix - SMR Holding,2022,"Quintao, Fabio;#23","Galvao, Talita;#251",14;#Comércio,345;#Access to leaders and service providers/suppliers,Validado,1264,30/9/2024 13:15,Item,sites/KnowledgeCorporateTransformation/Lists/Cases
Digital & Technology Services (CT),Plurix - SMR Holding: IMO - Integração de Sistemas Comercial,Plurix - SMR Holding,2023,"Quintao, Fabio;#23","Mazeli, Estefani;#423",17;#Varejo,377;#Acompanhamento da fase de otimização e transformação (IMO),Validado,1182,22/12/2023 13:42,Item,sites/KnowledgeCorporateTransformation/Lists/Cases
Digital & Technology Services,Plurix - SMR Holding: IT DD - add-on - Paris,Plurix - SMR Holding,2023,"Quintao, Fabio;#23","Weiss, Ian;#193",9;#Varejo e bens de consumo,386;#IT Due Diligence (Buy Side),Validado,1260,27/9/2024 05:38,Item,sites/KnowledgeCorporateTransformation/Lists/Cases
Finance,Positivo Tecnologia: Eficiência Operacional,Positivo Tecnologia,2023,"Mendes, Carlos;#16","Ferreira, Henrique;#286",60;#Tecnologia,429;#Eficiência;#410;#Modelo operacional e eficiência,Validado,1232,14/8/2024 15:25,Item,sites/KnowledgeCorporateTransformation/Lists/Cases
PEPI,Positivo Tecnologia: Positivo Tecnologia - PMI,Positivo Tecnologia,2023,"Munier, Kevin;#26","Paixao, Eduarda;#2068",60;#Tecnologia,388;#PMI,Validado,1199,12/3/2024 12:10,Item,sites/KnowledgeCorporateTransformation/Lists/Cases
Reestruturação Operacional (CT),Pricol - Automotivo,Pricol Limited,2018,"Priolli, Carlos Alberto;#2604",,19;#Automotivo,301;#Gestão (gestão interina),Em validação,903,7/2/2023 14:35,Item,sites/KnowledgeCorporateTransformation/Lists/Cases
Corporate Transformation (2018 - 2021),Qualicorp: PMI,Qualicorp,2021,"Pela, Mauricio;#18","Santos Zani, Bruno;#84",25;#Saúde,32;#Post-Merger Integration (PMI),Validado,72,31/3/2022 11:29,Item,sites/KnowledgeCorporateTransformation/Lists/Cases
Finance (CT),Queiroz Galvão: Controle sistêmico de contingências (fase 2),Queiroz Galvão,2022,"Mendes, Carlos;#16","Thury, Gustavo;#298;#Lassance, Raphael;#491",26;#Construção e infraestrutura,340;#Legal Management,Validado,1135,25/7/2023 11:51,Item,sites/KnowledgeCorporateTransformation/Lists/Cases
Corporate Transformation (2018 - 2021),Queiroz Galvão: CSC,Queiroz Galvão,2019,"Mendes, Carlos;#16","Vivo Rodrigues, Alexandre;#15",26;#Construção e infraestrutura,150;#Shared Services Center (SSC),Validado,37,8/10/2021 10:41,Item,sites/KnowledgeCorporateTransformation/Lists/Cases
Bizhub,Queiroz Galvão: Gestão de Processos (fase 1),Queiroz Galvão,2021,"Bonora, Ricardo;#116","Coutinho, Alexandre;#330",26;#Construção e infraestrutura,104;#Data Analytics,Validado,58,19/1/2022 05:10,Item,sites/KnowledgeCorporateTransformation/Lists/Cases
Strategy (CT),Queiroz Galvão: QGSA - Suporte Planejamento Estratégico,Queiroz Galvão,2023,"Pela, Mauricio;#18","Castelo Branco, Adso;#1437",26;#Construção e infraestrutura,220;#Strategic Planning,Validado,1144,22/8/2023 13:21,Item,sites/KnowledgeCorporateTransformation/Lists/Cases
Corporate Transformation (2018 - 2021),Radstad: Seleção de Software ERP,Randstad,,,,,,Em validação,1140,27/7/2023 07:24,Item,sites/KnowledgeCorporateTransformation/Lists/Cases
Corporate Transformation (2018 - 2021),Realibras Urbanismo: Renegociação da dívida e gestão interina,Realibras Urbanismo,2020,"Fernandes, George;#427","Eguti, Rafael;#489",26;#Construção e infraestrutura,223;#GMC;#218;#Interim Management,Validado,159,18/10/2022 07:20,Item,sites/KnowledgeCorporateTransformation/Lists/Cases
Corporate Transformation (2018 - 2021),Rech Agricola: PMI,Rech Agricola,2021,"Melo, Bruna;#241","Ushizima, Marcos;#249",13;#Agronégocio,32;#Post-Merger Integration (PMI),Validado,96,2/5/2022 07:07,Item,sites/KnowledgeCorporateTransformation/Lists/Cases
PEPI;#Operations,Rech: Agrocompetence - S&OP,Rech,2023,"Menano, Joao;#2472","Cardoner, Mateo;#78",13;#Agronégocio,409;#S＆OP (Planejamento de vendas e operações),Validado,1188,2/2/2024 11:20,Item,sites/KnowledgeCorporateTransformation/Lists/Cases
ESG,Rech: ESG,Rech Agricola,2021,"Munier, Kevin;#26","Cardoner, Mateo;#78",22;#Máquinas e equipamentos;#13;#Agronégocio,"41;#Environmental, Social and Governance (ESG)",Validado,42,27/10/2021 12:35,Item,sites/KnowledgeCorporateTransformation/Lists/Cases
Corporate Transformation,Rech: ESG,Rech,2021,"Munier, Kevin;#26","Cardoner, Mateo;#78",13;#Agronégocio,"41;#Environmental, Social and Governance (ESG)",Validado,1190,2/2/2024 11:44,Item,sites/KnowledgeCorporateTransformation/Lists/Cases
Corporate Transformation,Rech: Redesenho da malha logística e tributária,Rech,2022,"Munier, Kevin;#26","Cardoner, Mateo;#78",13;#Agronégocio,57;#Operational model redesign,Validado,1189,2/2/2024 11:44,Item,sites/KnowledgeCorporateTransformation/Lists/Cases
Corporate Transformation (2018 - 2021),Rech: Seleção de Solução CRM,Rech Agricola,2021,"Munier, Kevin;#26","Corintho, Lucas;#81",13;#Agronégocio,63;#Software Selection,Validado,102,19/5/2022 08:36,Item,sites/KnowledgeCorporateTransformation/Lists/Cases
Finance (CT),Rio Ônibus: Saneamento Base,Rio ônibus,2021,"Mendes, Carlos;#16","Garay, Janice;#180",5;#Transporte Terrestre,194;#Legal,Validado,81,14/4/2022 06:50,Item,sites/KnowledgeCorporateTransformation/Lists/Cases
Corporate Transformation (2018 - 2021),Saint Gobain Sekurit: Melhoria de performance,Saint Gobain Sekurit,2019,"Mendes, Carlos;#16","Fukue, Flavio;#32",19;#Automotivo,2;#Reduction of G＆A costs and indirect costs,Validado,111,24/5/2022 10:55,Item,sites/KnowledgeCorporateTransformation/Lists/Cases
Corporate Transformation (2018 - 2021),Saint-Gobain (Sekurit) - Automotivo,Saint Gobain Sekurit,2019,"Sampaio de Oliveira, Eduardo;#19",,19;#Automotivo,297;#Diagnosis of the current structure,Em validação,890,7/2/2023 14:35,Item,sites/KnowledgeCorporateTransformation/Lists/Cases
Corporate Transformation (2018 - 2021),Santher: CRA,Santher,2020,"Fernandes, George;#427","Eguti, Rafael;#489",9;#Varejo e bens de consumo,,Validado,161,18/10/2022 07:38,Item,sites/KnowledgeCorporateTransformation/Lists/Cases
Finance (CT),Sapient AG2: Mapeamento e melhoria de processos,Sapient AG2,2021,"Mendes, Carlos;#16","Silva, Yuri;#131","16;#Telecomunicações, Mídia e Tecnologia",38;#Organizational Transformation;#40;#Agile Methods,Validado,44,10/11/2021 06:01,Item,sites/KnowledgeCorporateTransformation/Lists/Cases
Corporate Transformation (2018 - 2021),ScaleCapital: ODD e BDD,ScaleCapital,2021,"Kneubuhler, Markus;#50","Lima, Marianna;#139","16;#Telecomunicações, Mídia e Tecnologia",48;#Operational Due Diligence (ODD) and Business Due Diligence (BDD),Validado,104,20/5/2022 07:39,Item,sites/KnowledgeCorporateTransformation/Lists/Cases
Corporate Transformation (2018 - 2021),Sem Parar / Via Facil : Diagnóstico de melhoria de resultados,Sem Parar / Via Facil ,2021,"Kneubuhler, Markus;#50","Lima, Marianna;#139",5;#Transporte Terrestre,171;#Reveneue Enhancements,Validado,151,30/9/2022 09:36,Item,sites/KnowledgeCorporateTransformation/Lists/Cases
Corporate Transformation (2018 - 2021),Sequoia Logística,Sequoia Logística,2021,"Sampaio de Oliveira, Eduardo;#19",,21;#Transporte e armazenamento,289;#Integrations,Em validação,1074,7/2/2023 14:37,Item,sites/KnowledgeCorporateTransformation/Lists/Cases
Bizhub,Sequoia Logística: Análise e Segmentação de Pontos de Presença,Sequoia Logística,2021,"Bonora, Ricardo;#116","Coutinho, Alexandre;#330;#Barbosa, Marco;#331",6;#Logistica,104;#Data Analytics,Validado,59,19/1/2022 05:13,Item,sites/KnowledgeCorporateTransformation/Lists/Cases
Corporate Transformation (2018 - 2021),Sequoia Logística: PMI,Sequoia Logística,2020,"Munier, Kevin;#26",,21;#Transporte e armazenamento;#6;#Logistica,32;#Post-Merger Integration (PMI),Validado,24,8/10/2021 06:08,Item,sites/KnowledgeCorporateTransformation/Lists/Cases
Corporate Transformation (2018 - 2021),Sequoia Logística: Revisão de Estrutura Organizacional,Sequoia Logística,2021,"Munier, Kevin;#26","Malandrino, Joao;#126",6;#Logistica,129;#Organization chart,Validado,62,11/3/2022 05:17,Item,sites/KnowledgeCorporateTransformation/Lists/Cases
Gestão (CT),Sequoia: Não conformidade e gestão de perdas,Sequoia,2022,"Kneubuhler, Markus;#50","Rezende, Lucas;#3588",6;#Logistica,,Validado,1100,28/2/2023 12:08,Item,sites/KnowledgeCorporateTransformation/Lists/Cases
Corporate Transformation (2018 - 2021),Serasa Experian: Integração PMI ,Serasa Experian,2021,"Pela, Mauricio;#18","Buscarioli, Amanda;#495",7;#Serviços Financeiros,32;#Post-Merger Integration (PMI),Validado,118,29/6/2022 09:59,Item,sites/KnowledgeCorporateTransformation/Lists/Cases
M&A Performance,Silimed: Silimed - ODD,Silimed,2023,"Munier, Kevin;#26","Barros, Hector;#2240",79;#Industrial,446;#Diligência Operacional,Validado,1227,15/6/2024 08:06,Item,sites/KnowledgeCorporateTransformation/Lists/Cases
Gestão (CT),Sipolatti: Gestão interina e melhoria de performance,Sipolatti,2021,"Kneubuhler, Markus;#50",,9;#Varejo e bens de consumo;#14;#Comércio,165;#Performance Management,Validado,38,8/10/2021 10:43,Item,sites/KnowledgeCorporateTransformation/Lists/Cases
Finance,Siqueira Castro Advogados: Otimização dos contratos,Siqueira Castro Advogados,2023,"Hong, Rodrigo;#441","Estrella, Karen;#1974",286;#Serviços Jurídicos,389;#Legal,Validado,1234,17/8/2024 10:48,Item,sites/KnowledgeCorporateTransformation/Lists/Cases
Corporate Transformation (2018 - 2021),Sky Brasil: Estudo de precificação de de e otimização tributária,Sky Brasil,2021,"Pela, Mauricio;#18","Amaral, Caio;#42","16;#Telecomunicações, Mídia e Tecnologia",52;#Pricing,Validado,123,4/7/2022 08:01,Item,sites/KnowledgeCorporateTransformation/Lists/Cases
Corporate Transformation,Smartfit Escola de Ginástica e Dança S.A.: PMI,Smartfit Escola de Ginástica e Dança S.A.,2021,"Kneubuhler, Markus;#50","Robic, Andre;#67",15;#Serviços,511;#PMI Pós-Fechamento (Execução),Validado,1240,19/8/2024 11:55,Item,sites/KnowledgeCorporateTransformation/Lists/Cases
Digital & Technology Services,SMR Holding: IT DD - Projeto Tetris,SMR Holding,2022,"Quintao, Fabio;#23","Lopes, Joao;#458",7;#Serviços Financeiros,386;#IT Due Diligence (Buy Side),Validado,1266,30/9/2024 13:39,Item,sites/KnowledgeCorporateTransformation/Lists/Cases
Corporate Transformation,SPIC Brasil: Sourcing ERP & Benchmark,SPIC Brasil,2023,"Quintao, Fabio;#23","Moreira, Thauany;#6013",23;#Energética,,Validado,1187,19/1/2024 13:18,Item,sites/KnowledgeCorporateTransformation/Lists/Cases
Operations (CT),STI Norland: Girassol,STI Norland,2023,"Albuquerque, Rodrigo;#128","Catalan, Marilia;#3884",23;#Energética,358;#S＆OP,Validado,1151,29/9/2023 10:40,Item,sites/KnowledgeCorporateTransformation/Lists/Cases
Operations,STI Norland: Projeto Girassol,STI Norland,2023,"Menano, Joao;#2472","Catalan, Marilia;#3884",23;#Energética,409;#S＆OP (Planejamento de vendas e operações),Validado,1200,14/3/2024 06:26,Item,sites/KnowledgeCorporateTransformation/Lists/Cases
Operations,STI Norland: Projeto Girassol,STI Norland,2023,"Menano, Joao;#2472","Catalan, Marilia;#3884",23;#Energética,409;#S＆OP (Planejamento de vendas e operações),Validado,1201,14/3/2024 06:26,Item,sites/KnowledgeCorporateTransformation/Lists/Cases
Operations,STI Norland: Projeto Girassol,STI Norland,2023,"Menano, Joao;#2472","Catalan, Marilia;#3884",,,Validado,1204,15/3/2024 10:46,Item,sites/KnowledgeCorporateTransformation/Lists/Cases
Operations,STI Norland: Projeto Girassol,STI Norland,2023,"Menano, Joao;#2472","Catalan, Marilia;#3884",,,Validado,1205,15/3/2024 10:46,Item,sites/KnowledgeCorporateTransformation/Lists/Cases
Corporate Transformation (2018 - 2021),SumUp: Cessão de Carteira​,SumUp,2020,"Fernandes, George;#427","Eguti, Rafael;#489",7;#Serviços Financeiros,36;#Financial Transformation,Validado,158,18/10/2022 07:20,Item,sites/KnowledgeCorporateTransformation/Lists/Cases
Corporate Transformation (2018 - 2021),SuperFrio Armazéns Gerais S.A.: Diagnóstico amplo,Superfrio,2020,"Munier, Kevin;#26","Santos, Gustavo;#25",6;#Logistica,2;#Reduction of G＆A costs and indirect costs;#27;#Supplier management,Validado,137,25/8/2022 12:12,Item,sites/KnowledgeCorporateTransformation/Lists/Cases
Corporate Transformation (2018 - 2021),Superfrio: Diagnóstico Escopo Amplo,Superfrio,2020,"Munier, Kevin;#26","Santos, Gustavo;#25",6;#Logistica,197;#Transformações Holisticas,Validado,11,5/10/2021 12:21,Item,sites/KnowledgeCorporateTransformation/Lists/Cases
Bizhub,Supermercado Avenida: Take Over da área de TI​,Supermercado Avenida,2022,"Bonora, Ricardo;#116","Frumento, Carla;#829",9;#Varejo e bens de consumo,233;#Technology,Validado,182,14/12/2022 07:53,Item,sites/KnowledgeCorporateTransformation/Lists/Cases
Digital & Technology Services (CT),Supermercados Avenida: PMI de TI,Supermercados Avenida,2022,"Quintao, Fabio;#23","Lorusso, Thiago;#1053",17;#Varejo,32;#Post-Merger Integration (PMI),Validado,145,16/9/2022 07:35,Item,sites/KnowledgeCorporateTransformation/Lists/Cases
Transformação Corporativa (CT),Suplax: melhoria operacional e de gestão,Suplax,2022,"Rino, Tiago;#14","Amaral, Caio;#42",11;#Alimentos,210;#Transformação,Validado,139,1/9/2022 14:47,Item,sites/KnowledgeCorporateTransformation/Lists/Cases
Corporate Transformation (2018 - 2021),Tecumseh,Tecumseh do Brasil,2020,"Pela, Mauricio;#18",,79;#Industrial,294;#Transformation Office,Em validação,1058,7/2/2023 14:37,Item,sites/KnowledgeCorporateTransformation/Lists/Cases
Corporate Transformation (2018 - 2021),Tecumseh do Brasil : Transformation Office,Tecumseh do Brasil,2020,"Pela, Mauricio;#18","Segretti, Luis;#488",79;#Industrial,184;#Transformation Office,Validado,128,22/7/2022 12:28,Item,sites/KnowledgeCorporateTransformation/Lists/Cases
Corporate Transformation (2018 - 2021),Tecumseh: Gestão Interina e Transformation Office ,Tecumseh do Brasil,2020,"Pela, Mauricio;#18",,22;#Máquinas e equipamentos,35;#General ＆ Administrative Expense (G＆A),Validado,25,8/10/2021 06:13,Item,sites/KnowledgeCorporateTransformation/Lists/Cases
PEPI (CT),"Tekni-plex, Inc.: ODD","Tekni-plex, Inc.",2021,"Munier, Kevin;#26","Fuschini, Leandro;#367",24;#Químico e Petroquímico,48;#Operational Due Diligence (ODD) and Business Due Diligence (BDD),Validado,180,5/12/2022 06:52,Item,sites/KnowledgeCorporateTransformation/Lists/Cases
Transformação Corporativa;#Finance;#Digital & Technology Services,Tempo Assist: Transformação Corporativa,Tempo Assist,2024,"Pela, Mauricio;#18","Repecka, Henrique;#4530",217;#Seguros,520;#Organizational Design;#397;#Renegociação de contratos de compras;#399;#Diagnóstico de Tecnologia,Validado,1263,30/9/2024 06:42,Item,sites/KnowledgeCorporateTransformation/Lists/Cases
Strategy,The Coca-Cola Company: CO&PE Market Research,The Coca-Cola Company,2023,"Pela, Mauricio;#18","Zidan, Murilo;#39",8;#Bebidas,401;#Estratégia corporativa,Validado,1202,14/3/2024 14:29,Item,sites/KnowledgeCorporateTransformation/Lists/Cases
Corporate Transformation (2018 - 2021),The Linde Group: Diagnóstico e implementação escopo amplo,The Linde Group,2019,"Pela, Mauricio;#18;#Sampaio de Oliveira, Eduardo;#19","Ribeiro, Joao;#227",20;#Óleo e Gás Natural;#24;#Químico e Petroquímico,71;#Pricing;#129;#Organization chart;#45;#Operations planning,Validado,30,8/10/2021 09:13,Item,sites/KnowledgeCorporateTransformation/Lists/Cases
Corporate Transformation (2018 - 2021),TSEA Energia: Melhoria de performance,TSEA Energia,2018,"Mendes, Carlos;#16","Rodrigues Watanabe, Lucas;#29;#Martins, Lucas;#152",23;#Energética,57;#Operational model redesign,Validado,39,8/10/2021 10:45,Item,sites/KnowledgeCorporateTransformation/Lists/Cases
Corporate Transformation (2018 - 2021),Two Seas Marine Services: Estudo de viabilidade e capitalização de projeto,Two Seas Marine Services,2020,"Fernandes, George;#427","Eguti, Rafael;#489",79;#Industrial,36;#Financial Transformation,Validado,160,18/10/2022 07:22,Item,sites/KnowledgeCorporateTransformation/Lists/Cases
Operations,Uau Ingleza: Uau Ingleza - Estudo de viabilidade de construção de uma nova fábrica,Uau Ingleza,2024,"Menano, Joao;#2472","Fuschini, Leandro;#367",24;#Químico e Petroquímico,451;#Melhoria de Layout Industrial;#513;#Melhoria de processos e administração de pessoal;#483;#Otimização no uso de ativos industriais;#514;#Jornada Digital (Automação industrial),Validado,1241,20/8/2024 07:39,Item,sites/KnowledgeCorporateTransformation/Lists/Cases
Operations,Uau Ingleza: Uau Ingleza - Estudo de viabilidade de construção de uma nova fábrica,Uau Ingleza,2024,"Menano, Joao;#2472","Fuschini, Leandro;#367",,,Validado,1242,20/8/2024 12:04,Item,sites/KnowledgeCorporateTransformation/Lists/Cases
Corporate Transformation (2018 - 2021),Ultracheese,LATICINIOS SAO JOAO LTDA,2020,"Sampaio de Oliveira, Eduardo;#19",,77;#Pecuária,296;#Integrated Performance Management,Em validação,1073,7/2/2023 14:37,Item,sites/KnowledgeCorporateTransformation/Lists/Cases
Corporate Transformation (2018 - 2021),Ultracheese: BDD e PMI,Ultracheese,2021,"Munier, Kevin;#26","Marcilio, Caio;#54;#Manfrinatti, Ana Paula;#75",11;#Alimentos,48;#Operational Due Diligence (ODD) and Business Due Diligence (BDD);#32;#Post-Merger Integration (PMI),Validado,28,8/10/2021 08:51,Item,sites/KnowledgeCorporateTransformation/Lists/Cases
Digital & Technology Services (CT),UniFTC: IT Carve-out,UniFTC,2022,"Quintao, Fabio;#23","Pascoli, Rafael;#71",115;#Educação,226;#IT Carve-out (PMI),Validado,166,19/10/2022 12:54,Item,sites/KnowledgeCorporateTransformation/Lists/Cases
Corporate Transformation (2018 - 2021),UNIG - Universidade Nova Iguaçu: Diagnóstico Amplo,UNIG - Universidade Nova Iguaçu,2021,"Kneubuhler, Markus;#50","Neumann, Roberto;#353",115;#Educação,177;#Diagnosis,Validado,122,30/6/2022 10:58,Item,sites/KnowledgeCorporateTransformation/Lists/Cases
Strategy,UPL do Brasil: Carteira de pedidos comercial,UPL do Brasil,2023,"Pela, Mauricio;#18","Neto, Luiz;#335",13;#Agronégocio,,Validado,1181,22/12/2023 13:40,Item,sites/KnowledgeCorporateTransformation/Lists/Cases
Finance (CT),Urbaser Chile: Revisão de Modelo Operacional (fase 1),Urbaser Chile,2022,"Mendes, Carlos;#16","Chan, Paulo;#61",26;#Construção e infraestrutura,178;#Operating model redesign,Validado,126,15/7/2022 10:27,Item,sites/KnowledgeCorporateTransformation/Lists/Cases
Finance (CT),Urbaser Chile: Revisão de Modelo Operacional (fase 2),Urbaser Chile,2022,"Mendes, Carlos;#16","Chan, Paulo;#61",26;#Construção e infraestrutura,229;#Operating model redesign,Validado,167,20/10/2022 05:31,Item,sites/KnowledgeCorporateTransformation/Lists/Cases
Corporate Transformation (2018 - 2021),Usina Itajobi: Reestruturação operacional ,Usina Itajobi,2021,"Rino, Tiago;#14","Takahashi, Juliana;#444;#Kurayama, Rodrigo;#27",4;#Açúcar e Etanol,196;#Corporate restructuring,Validado,136,23/8/2022 14:35,Item,sites/KnowledgeCorporateTransformation/Lists/Cases
Corporate Transformation (2018 - 2021),VB Serviços: Eficiência operacional,VB Serviços,2021,"Kneubuhler, Markus;#50","Carbinatto, Lucas;#66",81;#Serviços gerais e administrativos,2;#Reduction of G＆A costs and indirect costs,Validado,114,27/5/2022 06:44,Item,sites/KnowledgeCorporateTransformation/Lists/Cases
Finance (CT),Via Varejo: Diagnóstico de Legal,Via Varejo,2021,"Mendes, Carlos;#16","Sproesser, Joao Pedro;#263",9;#Varejo e bens de consumo,194;#Legal,Validado,80,14/4/2022 06:49,Item,sites/KnowledgeCorporateTransformation/Lists/Cases
Finance (CT),Via Varejo: Diagnóstico de Legal e planos de ação​,Via Varejo,2022,"Mendes, Carlos;#16","Garay, Janice;#180",17;#Varejo,194;#Legal,Validado,155,18/10/2022 06:10,Item,sites/KnowledgeCorporateTransformation/Lists/Cases
Bizhub,Via: Modelo de Processos Trabalhistas,Via Varejo,2021,"Bonora, Ricardo;#116","Coutinho, Alexandre;#330",17;#Varejo,104;#Data Analytics,Validado,60,19/1/2022 05:15,Item,sites/KnowledgeCorporateTransformation/Lists/Cases
Transformação Corporativa (CT),Viver - Construção civil,Paladin Realty Partners LLC,2015,"Bucione, André;#3732",,26;#Construção e infraestrutura,196;#Corporate restructuring,Em validação,909,7/2/2023 14:35,Item,sites/KnowledgeCorporateTransformation/Lists/Cases
Transformação Corporativa (CT),Viver - Construção Civil,Paladin Realty Partners LLC,2015,"Bucione, André;#3732",,26;#Construção e infraestrutura,313;#Financial planning;#154;#Business model,Em validação,910,7/2/2023 14:35,Item,sites/KnowledgeCorporateTransformation/Lists/Cases
Strategy (CT),Wella Company: Wella Co GTM Strategy,Wella Company,2022,"Pela, Mauricio;#18","Coutinho, Andre;#1892","140;#Cosméticos, Produtos de perfumaria e Higiene",319;#Market monitoring,Validado,1128,22/6/2023 10:36,Item,sites/KnowledgeCorporateTransformation/Lists/Cases
Digital & Technology Services (CT),Wooza: Cost Take-out e Melhoria de Performance,Wooza,2020,"Quintao, Fabio;#23","Weiss, Ian;#193","16;#Telecomunicações, Mídia e Tecnologia",210;#Transformação,Validado,142,8/9/2022 13:08,Item,sites/KnowledgeCorporateTransformation/Lists/Cases
Digital & Technology Services (CT),XP Asset Management: IT Due Diligence​,XP Asset Management,2021,"Bonora, Ricardo;#116","Massao, Marcos;#86",145;#Private Equity,47;#IT Due Diligence,Validado,1094,28/2/2023 11:39,Item,sites/KnowledgeCorporateTransformation/Lists/Cases
Corporate Transformation (2018 - 2021),XP Asset Management: Strategic and IT Due Diligence,XP Asset Management,2021,"Kneubuhler, Markus;#50","Carbinatto, Lucas;#66","16;#Telecomunicações, Mídia e Tecnologia",202;#Due Diligence,Validado,135,16/8/2022 04:39,Item,sites/KnowledgeCorporateTransformation/Lists/Cases
Finance,YDUQS: YDUQS - Legal,YDUQS,2024,"Hong, Rodrigo;#441","Trauzola, Felipe;#6483",115;#Educação,389;#Legal,Validado,1236,17/8/2024 11:02,Item,sites/KnowledgeCorporateTransformation/Lists/Cases
Corporate Transformation (2018 - 2021),Zamin: Diagnóstico,Zamin,2019,"Fernandes, George;#427","Eguti, Rafael;#489",124;#Mineração,,Validado,162,18/10/2022 07:38,Item,sites/KnowledgeCorporateTransformation/Lists/Cases
Healthcare Industry Group,Zentria Colombia: Eficiência - dimensionamento de equipes,Zentria Colombia,2023,"Compte, Marcelo;#3269","Chimionato, Roberto;#3190",25;#Saúde,472;#Dimensionamento de Equipes [Operações Industriais],Validado,1212,20/3/2024 08:04,Item,sites/KnowledgeCorporateTransformation/Lists/Cases
Finance (CT),Zurich Santander: Estratégia Jurídica e Gestão de escritórios,Zurich Santander,2022,"Mendes, Carlos;#16","Franco, Andre;#451",215;#Seguros e previdências,194;#Legal;#192;#Legal Strategy,Validado,170,25/10/2022 06:48,Item,sites/KnowledgeCorporateTransformation/Lists/Cases
